-- phpMyAdmin SQL Dump
-- version 4.8.5
-- https://www.phpmyadmin.net/
--
-- Host: 127.0.0.1
-- Generation Time: Mar 09, 2019 at 10:03 AM
-- Server version: 10.1.38-MariaDB
-- PHP Version: 7.3.2

SET SQL_MODE = "NO_AUTO_VALUE_ON_ZERO";
SET AUTOCOMMIT = 0;
START TRANSACTION;
SET time_zone = "+00:00";


/*!40101 SET @OLD_CHARACTER_SET_CLIENT=@@CHARACTER_SET_CLIENT */;
/*!40101 SET @OLD_CHARACTER_SET_RESULTS=@@CHARACTER_SET_RESULTS */;
/*!40101 SET @OLD_COLLATION_CONNECTION=@@COLLATION_CONNECTION */;
/*!40101 SET NAMES utf8mb4 */;

--
-- Database: `mcqenglish`
--

-- --------------------------------------------------------

--
-- Table structure for table `answers`
--

CREATE TABLE `answers` (
  `id` int(6) NOT NULL,
  `content` varchar(150) NOT NULL,
  `correct_answer` tinyint(1) NOT NULL DEFAULT '0',
  `id_question` int(5) NOT NULL,
  `created_at` datetime NOT NULL DEFAULT CURRENT_TIMESTAMP,
  `updated_at` datetime NOT NULL DEFAULT CURRENT_TIMESTAMP
) ENGINE=InnoDB DEFAULT CHARSET=utf8;

--
-- Dumping data for table `answers`
--

INSERT INTO `answers` (`id`, `content`, `correct_answer`, `id_question`, `created_at`, `updated_at`) VALUES
(1, 'this', 0, 1, '2019-03-09 15:51:59', '2019-03-09 15:51:59'),
(2, 'those', 1, 1, '2019-03-09 15:51:59', '2019-03-09 15:51:59'),
(3, 'them', 0, 1, '2019-03-09 15:51:59', '2019-03-09 15:51:59'),
(4, 'that', 0, 1, '2019-03-09 15:51:59', '2019-03-09 15:51:59'),
(5, 'many', 1, 2, '2019-03-09 15:51:59', '2019-03-09 15:51:59'),
(6, 'much', 0, 2, '2019-03-09 15:51:59', '2019-03-09 15:51:59'),
(7, 'a lot', 0, 2, '2019-03-09 15:51:59', '2019-03-09 15:51:59'),
(8, 'few', 0, 2, '2019-03-09 15:51:59', '2019-03-09 15:51:59'),
(9, 'of', 0, 3, '2019-03-09 15:51:59', '2019-03-09 15:51:59'),
(10, 'from', 0, 3, '2019-03-09 15:51:59', '2019-03-09 15:51:59'),
(11, 'by', 0, 3, '2019-03-09 15:51:59', '2019-03-09 15:51:59'),
(12, '-', 1, 3, '2019-03-09 15:51:59', '2019-03-09 15:51:59'),
(13, 'the all from it', 0, 4, '2019-03-09 15:51:59', '2019-03-09 15:51:59'),
(14, 'all it', 0, 4, '2019-03-09 15:51:59', '2019-03-09 15:51:59'),
(15, 'the all of it', 0, 4, '2019-03-09 15:51:59', '2019-03-09 15:51:59'),
(16, 'it all', 1, 4, '2019-03-09 15:51:59', '2019-03-09 15:51:59'),
(17, 'hardly', 0, 5, '2019-03-09 15:51:59', '2019-03-09 15:51:59'),
(18, 'hard', 1, 5, '2019-03-09 15:51:59', '2019-03-09 15:51:59'),
(19, 'good', 0, 5, '2019-03-09 15:51:59', '2019-03-09 15:51:59'),
(20, 'many', 0, 5, '2019-03-09 15:51:59', '2019-03-09 15:51:59'),
(21, 'do', 0, 6, '2019-03-09 15:51:59', '2019-03-09 15:51:59'),
(22, 'have', 1, 6, '2019-03-09 15:51:59', '2019-03-09 15:51:59'),
(23, 'set', 0, 6, '2019-03-09 15:51:59', '2019-03-09 15:51:59'),
(24, 'make', 0, 6, '2019-03-09 15:51:59', '2019-03-09 15:51:59'),
(25, 'out', 0, 7, '2019-03-09 15:51:59', '2019-03-09 15:51:59'),
(26, 'low', 0, 7, '2019-03-09 15:51:59', '2019-03-09 15:51:59'),
(27, 'up', 0, 7, '2019-03-09 15:51:59', '2019-03-09 15:51:59'),
(28, 'down', 1, 7, '2019-03-09 15:51:59', '2019-03-09 15:51:59'),
(29, 'a little', 1, 8, '2019-03-09 15:51:59', '2019-03-09 15:51:59'),
(30, 'little', 0, 8, '2019-03-09 15:51:59', '2019-03-09 15:51:59'),
(31, 'a few', 0, 8, '2019-03-09 15:51:59', '2019-03-09 15:51:59'),
(32, 'few', 0, 8, '2019-03-09 15:51:59', '2019-03-09 15:51:59'),
(33, 'a lot of', 1, 9, '2019-03-09 15:51:59', '2019-03-09 15:51:59'),
(34, 'plenty', 0, 9, '2019-03-09 15:51:59', '2019-03-09 15:51:59'),
(35, 'lots', 0, 9, '2019-03-09 15:51:59', '2019-03-09 15:51:59'),
(36, 'many', 0, 9, '2019-03-09 15:51:59', '2019-03-09 15:51:59'),
(37, 'make at', 0, 10, '2019-03-09 15:51:59', '2019-03-09 15:51:59'),
(38, 'bring to', 0, 10, '2019-03-09 15:51:59', '2019-03-09 15:51:59'),
(39, 'give for', 0, 10, '2019-03-09 15:51:59', '2019-03-09 15:51:59'),
(40, 'spend on', 1, 10, '2019-03-09 15:51:59', '2019-03-09 15:51:59'),
(41, 'an old', 1, 11, '2019-03-09 15:51:59', '2019-03-09 15:51:59'),
(42, 'a old', 0, 11, '2019-03-09 15:51:59', '2019-03-09 15:51:59'),
(43, 'not young', 0, 11, '2019-03-09 15:51:59', '2019-03-09 15:51:59'),
(44, 'not an young', 0, 11, '2019-03-09 15:51:59', '2019-03-09 15:51:59'),
(45, 'is smoke', 0, 12, '2019-03-09 15:51:59', '2019-03-09 15:51:59'),
(46, 'are smoking', 0, 12, '2019-03-09 15:51:59', '2019-03-09 15:51:59'),
(47, 'are smoked', 1, 12, '2019-03-09 15:51:59', '2019-03-09 15:51:59'),
(48, 'are smoke', 0, 12, '2019-03-09 15:51:59', '2019-03-09 15:51:59'),
(49, 'have fallen', 0, 13, '2019-03-09 15:51:59', '2019-03-09 15:51:59'),
(50, 'has fallen', 1, 13, '2019-03-09 15:51:59', '2019-03-09 15:51:59'),
(51, 'fall', 0, 13, '2019-03-09 15:51:59', '2019-03-09 15:51:59'),
(52, 'are falling', 0, 13, '2019-03-09 15:51:59', '2019-03-09 15:51:59'),
(53, 'on', 0, 14, '2019-03-09 15:51:59', '2019-03-09 15:51:59'),
(54, 'over', 1, 14, '2019-03-09 15:51:59', '2019-03-09 15:51:59'),
(55, 'for', 0, 14, '2019-03-09 15:51:59', '2019-03-09 15:51:59'),
(56, 'to', 0, 14, '2019-03-09 15:51:59', '2019-03-09 15:51:59'),
(57, 'his asking', 1, 15, '2019-03-09 15:51:59', '2019-03-09 15:51:59'),
(58, 'him to ask', 0, 15, '2019-03-09 15:51:59', '2019-03-09 15:51:59'),
(59, 'asking him', 0, 15, '2019-03-09 15:51:59', '2019-03-09 15:51:59'),
(60, 'his being asked', 0, 15, '2019-03-09 15:51:59', '2019-03-09 15:51:59'),
(61, 'No need to say', 0, 16, '2019-03-09 15:51:59', '2019-03-09 15:51:59'),
(62, 'Don\'t need to say', 0, 16, '2019-03-09 15:51:59', '2019-03-09 15:51:59'),
(63, 'Needless saying', 0, 16, '2019-03-09 15:51:59', '2019-03-09 15:51:59'),
(64, 'Needless to say', 1, 16, '2019-03-09 15:51:59', '2019-03-09 15:51:59'),
(65, 'not to take', 0, 17, '2019-03-09 15:51:59', '2019-03-09 15:51:59'),
(66, 'that I not take', 0, 17, '2019-03-09 15:51:59', '2019-03-09 15:51:59'),
(67, 'not taking', 1, 17, '2019-03-09 15:51:59', '2019-03-09 15:51:59'),
(68, 'to not taken', 0, 17, '2019-03-09 15:51:59', '2019-03-09 15:51:59'),
(69, 'would fail', 0, 18, '2019-03-09 15:51:59', '2019-03-09 15:51:59'),
(70, 'would be failed', 0, 18, '2019-03-09 15:51:59', '2019-03-09 15:51:59'),
(71, 'wouldn\'t fail', 0, 18, '2019-03-09 15:51:59', '2019-03-09 15:51:59'),
(72, 'would have failed', 1, 18, '2019-03-09 15:51:59', '2019-03-09 15:51:59'),
(73, 'an weather', 0, 19, '2019-03-09 15:51:59', '2019-03-09 15:51:59'),
(74, 'a weather', 0, 19, '2019-03-09 15:51:59', '2019-03-09 15:51:59'),
(75, 'the weather', 0, 19, '2019-03-09 15:51:59', '2019-03-09 15:51:59'),
(76, 'weather', 1, 19, '2019-03-09 15:51:59', '2019-03-09 15:51:59'),
(77, 'All', 0, 20, '2019-03-09 15:51:59', '2019-03-09 15:51:59'),
(78, 'None', 0, 20, '2019-03-09 15:51:59', '2019-03-09 15:51:59'),
(79, 'Neither', 1, 20, '2019-03-09 15:51:59', '2019-03-09 15:51:59'),
(80, 'Both', 0, 20, '2019-03-09 15:51:59', '2019-03-09 15:51:59'),
(81, 'is a', 1, 21, '2019-03-09 15:51:59', '2019-03-09 15:51:59'),
(82, 'makes', 0, 21, '2019-03-09 15:51:59', '2019-03-09 15:51:59'),
(83, 'is', 0, 21, '2019-03-09 15:51:59', '2019-03-09 15:51:59'),
(84, 'he is', 0, 21, '2019-03-09 15:51:59', '2019-03-09 15:51:59'),
(85, 'Frenchman', 0, 22, '2019-03-09 15:51:59', '2019-03-09 15:51:59'),
(86, 'a French', 0, 22, '2019-03-09 15:51:59', '2019-03-09 15:51:59'),
(87, 'a Frenchman', 0, 22, '2019-03-09 15:51:59', '2019-03-09 15:51:59'),
(88, 'French man', 1, 22, '2019-03-09 15:51:59', '2019-03-09 15:51:59'),
(89, 'very heavily', 1, 23, '2019-03-09 15:51:59', '2019-03-09 15:51:59'),
(90, 'much', 0, 23, '2019-03-09 15:51:59', '2019-03-09 15:51:59'),
(91, 'very heavy', 0, 23, '2019-03-09 15:51:59', '2019-03-09 15:51:59'),
(92, 'lot', 0, 23, '2019-03-09 15:51:59', '2019-03-09 15:51:59'),
(93, 'she', 0, 24, '2019-03-09 15:51:59', '2019-03-09 15:51:59'),
(94, 'hers', 0, 24, '2019-03-09 15:51:59', '2019-03-09 15:51:59'),
(95, 'her', 1, 24, '2019-03-09 15:51:59', '2019-03-09 15:51:59'),
(96, 'him', 0, 24, '2019-03-09 15:51:59', '2019-03-09 15:51:59'),
(97, 'He', 0, 25, '2019-03-09 15:51:59', '2019-03-09 15:51:59'),
(98, 'His', 1, 25, '2019-03-09 15:51:59', '2019-03-09 15:51:59'),
(99, 'He\'s', 0, 25, '2019-03-09 15:51:59', '2019-03-09 15:51:59'),
(100, 'My', 0, 25, '2019-03-09 15:51:59', '2019-03-09 15:51:59'),
(101, 'doesn\'t', 0, 26, '2019-03-09 15:51:59', '2019-03-09 15:51:59'),
(102, 'don\'t', 0, 26, '2019-03-09 15:51:59', '2019-03-09 15:51:59'),
(103, 'didn\'t', 1, 26, '2019-03-09 15:51:59', '2019-03-09 15:51:59'),
(104, 'aren\'t', 0, 26, '2019-03-09 15:51:59', '2019-03-09 15:51:59'),
(105, 'is going', 0, 27, '2019-03-09 15:51:59', '2019-03-09 15:51:59'),
(106, 'goes', 1, 27, '2019-03-09 15:51:59', '2019-03-09 15:51:59'),
(107, 'go', 0, 27, '2019-03-09 15:51:59', '2019-03-09 15:51:59'),
(108, 'has gone', 0, 27, '2019-03-09 15:51:59', '2019-03-09 15:51:59'),
(109, 'Which', 0, 28, '2019-03-09 15:51:59', '2019-03-09 15:51:59'),
(110, 'What', 0, 28, '2019-03-09 15:51:59', '2019-03-09 15:51:59'),
(111, 'When', 0, 28, '2019-03-09 15:51:59', '2019-03-09 15:51:59'),
(112, 'How', 1, 28, '2019-03-09 15:51:59', '2019-03-09 15:51:59'),
(113, 'more well that', 0, 29, '2019-03-09 15:51:59', '2019-03-09 15:51:59'),
(114, 'better than', 1, 29, '2019-03-09 15:51:59', '2019-03-09 15:51:59'),
(115, 'more good than', 0, 29, '2019-03-09 15:51:59', '2019-03-09 15:51:59'),
(116, 'better as', 0, 29, '2019-03-09 15:51:59', '2019-03-09 15:51:59'),
(117, 'She remembered that she phoned her.', 0, 30, '2019-03-09 15:51:59', '2019-03-09 15:51:59'),
(118, 'She remembered phoning the doctor.', 0, 30, '2019-03-09 15:51:59', '2019-03-09 15:51:59'),
(119, 'Mirana forgot to remember to phone.', 0, 30, '2019-03-09 15:51:59', '2019-03-09 15:51:59'),
(120, 'She didn\'t forget to phone the doctor. ', 1, 30, '2019-03-09 15:51:59', '2019-03-09 15:51:59'),
(121, 'brother Tim\'s', 1, 31, '2019-03-09 15:51:59', '2019-03-09 15:51:59'),
(122, 'Tim\'s brother', 0, 31, '2019-03-09 15:51:59', '2019-03-09 15:51:59'),
(123, 'brother Tim', 0, 31, '2019-03-09 15:51:59', '2019-03-09 15:51:59'),
(124, 'brother is Tim', 0, 31, '2019-03-09 15:51:59', '2019-03-09 15:51:59'),
(125, 'Anything', 1, 32, '2019-03-09 15:51:59', '2019-03-09 15:51:59'),
(126, 'None', 0, 32, '2019-03-09 15:51:59', '2019-03-09 15:51:59'),
(127, 'Something', 0, 32, '2019-03-09 15:51:59', '2019-03-09 15:51:59'),
(128, 'Somebody', 0, 32, '2019-03-09 15:51:59', '2019-03-09 15:51:59'),
(129, 'is postponing', 0, 33, '2019-03-09 15:51:59', '2019-03-09 15:51:59'),
(130, 'be postponed', 1, 33, '2019-03-09 15:51:59', '2019-03-09 15:51:59'),
(131, 'to be postponed', 0, 33, '2019-03-09 15:51:59', '2019-03-09 15:51:59'),
(132, 'postpones', 0, 33, '2019-03-09 15:51:59', '2019-03-09 15:51:59'),
(133, 'agree', 0, 34, '2019-03-09 15:51:59', '2019-03-09 15:51:59'),
(134, 'follow', 0, 34, '2019-03-09 15:51:59', '2019-03-09 15:51:59'),
(135, 'make', 0, 34, '2019-03-09 15:51:59', '2019-03-09 15:51:59'),
(136, 'keep', 1, 34, '2019-03-09 15:51:59', '2019-03-09 15:51:59'),
(137, 'of', 0, 35, '2019-03-09 15:51:59', '2019-03-09 15:51:59'),
(138, 'from', 1, 35, '2019-03-09 15:51:59', '2019-03-09 15:51:59'),
(139, 'by', 0, 35, '2019-03-09 15:51:59', '2019-03-09 15:51:59'),
(140, 'at', 0, 35, '2019-03-09 15:51:59', '2019-03-09 15:51:59'),
(141, 'to be', 0, 36, '2019-03-09 15:51:59', '2019-03-09 15:51:59'),
(142, 'be', 1, 36, '2019-03-09 15:51:59', '2019-03-09 15:51:59'),
(143, 'are', 0, 36, '2019-03-09 15:51:59', '2019-03-09 15:51:59'),
(144, 'is', 0, 36, '2019-03-09 15:51:59', '2019-03-09 15:51:59'),
(145, 'lose', 1, 37, '2019-03-09 15:51:59', '2019-03-09 15:51:59'),
(146, 'loosen', 0, 37, '2019-03-09 15:51:59', '2019-03-09 15:51:59'),
(147, 'loose', 0, 37, '2019-03-09 15:51:59', '2019-03-09 15:51:59'),
(148, 'miss', 0, 37, '2019-03-09 15:51:59', '2019-03-09 15:51:59'),
(149, 'played', 0, 38, '2019-03-09 15:51:59', '2019-03-09 15:51:59'),
(150, 'has played', 0, 38, '2019-03-09 15:51:59', '2019-03-09 15:51:59'),
(151, 'playing', 1, 38, '2019-03-09 15:51:59', '2019-03-09 15:51:59'),
(152, 'play', 0, 38, '2019-03-09 15:51:59', '2019-03-09 15:51:59'),
(153, 'would not break', 0, 39, '2019-03-09 15:51:59', '2019-03-09 15:51:59'),
(154, 'should not break', 0, 39, '2019-03-09 15:51:59', '2019-03-09 15:51:59'),
(155, 'should not have break', 0, 39, '2019-03-09 15:51:59', '2019-03-09 15:51:59'),
(156, 'would not have broken', 1, 39, '2019-03-09 15:51:59', '2019-03-09 15:51:59'),
(157, 'has been speaking', 1, 40, '2019-03-09 15:51:59', '2019-03-09 15:51:59'),
(158, 'spoken', 0, 40, '2019-03-09 15:51:59', '2019-03-09 15:51:59'),
(159, 'used to speak', 0, 40, '2019-03-09 15:51:59', '2019-03-09 15:51:59'),
(160, 'has to speak', 0, 40, '2019-03-09 15:51:59', '2019-03-09 15:51:59'),
(161, 'not hard', 0, 41, '2019-03-09 15:51:59', '2019-03-09 15:51:59'),
(162, 'a easy', 0, 41, '2019-03-09 15:51:59', '2019-03-09 15:51:59'),
(163, 'an easy', 1, 41, '2019-03-09 15:51:59', '2019-03-09 15:51:59'),
(164, 'not an hard', 0, 41, '2019-03-09 15:51:59', '2019-03-09 15:51:59'),
(165, 'What\'s the time', 1, 42, '2019-03-09 15:51:59', '2019-03-09 15:51:59'),
(166, 'What\'s the hour', 0, 42, '2019-03-09 15:51:59', '2019-03-09 15:51:59'),
(167, 'What our are they', 0, 42, '2019-03-09 15:51:59', '2019-03-09 15:51:59'),
(168, 'How the time', 0, 42, '2019-03-09 15:51:59', '2019-03-09 15:51:59'),
(169, 'ten pence each', 1, 43, '2019-03-09 15:51:59', '2019-03-09 15:51:59'),
(170, 'each one ten pence', 0, 43, '2019-03-09 15:51:59', '2019-03-09 15:51:59'),
(171, 'ten pence the piece', 0, 43, '2019-03-09 15:51:59', '2019-03-09 15:51:59'),
(172, 'each ten pence', 0, 43, '2019-03-09 15:51:59', '2019-03-09 15:51:59'),
(173, 'at', 1, 44, '2019-03-09 15:51:59', '2019-03-09 15:51:59'),
(174, 'on', 0, 44, '2019-03-09 15:51:59', '2019-03-09 15:51:59'),
(175, 'for', 0, 44, '2019-03-09 15:51:59', '2019-03-09 15:51:59'),
(176, 'by', 0, 44, '2019-03-09 15:51:59', '2019-03-09 15:51:59'),
(177, 'from', 0, 45, '2019-03-09 15:51:59', '2019-03-09 15:51:59'),
(178, 'off', 0, 45, '2019-03-09 15:51:59', '2019-03-09 15:51:59'),
(179, 'down', 1, 45, '2019-03-09 15:51:59', '2019-03-09 15:51:59'),
(180, 'under', 0, 45, '2019-03-09 15:51:59', '2019-03-09 15:51:59'),
(181, 'is', 0, 46, '2019-03-09 15:51:59', '2019-03-09 15:51:59'),
(182, 'am', 0, 46, '2019-03-09 15:51:59', '2019-03-09 15:51:59'),
(183, 'have', 0, 46, '2019-03-09 15:51:59', '2019-03-09 15:51:59'),
(184, 'are', 1, 46, '2019-03-09 15:51:59', '2019-03-09 15:51:59'),
(185, 'don\'t you got', 0, 47, '2019-03-09 15:51:59', '2019-03-09 15:51:59'),
(186, 'haven\'t you got', 1, 47, '2019-03-09 15:51:59', '2019-03-09 15:51:59'),
(187, 'haven\'t you get', 0, 47, '2019-03-09 15:51:59', '2019-03-09 15:51:59'),
(188, 'haven\'t got you', 0, 47, '2019-03-09 15:51:59', '2019-03-09 15:51:59'),
(189, 'has not got', 1, 48, '2019-03-09 15:51:59', '2019-03-09 15:51:59'),
(190, 'doesn\'t get', 0, 48, '2019-03-09 15:51:59', '2019-03-09 15:51:59'),
(191, 'isn\'t', 0, 48, '2019-03-09 15:51:59', '2019-03-09 15:51:59'),
(192, 'isn\'t be', 0, 48, '2019-03-09 15:51:59', '2019-03-09 15:51:59'),
(193, 'Always Roberts catches', 0, 49, '2019-03-09 15:51:59', '2019-03-09 15:51:59'),
(194, 'Roberts always catches', 1, 49, '2019-03-09 15:51:59', '2019-03-09 15:51:59'),
(195, 'Roberts catches always', 0, 49, '2019-03-09 15:51:59', '2019-03-09 15:51:59'),
(196, 'Roberts does always catches', 0, 49, '2019-03-09 15:51:59', '2019-03-09 15:51:59'),
(197, 'to not go away', 0, 50, '2019-03-09 15:51:59', '2019-03-09 15:51:59'),
(198, 'to go not away', 0, 50, '2019-03-09 15:51:59', '2019-03-09 15:51:59'),
(199, 'not to go away', 1, 50, '2019-03-09 15:51:59', '2019-03-09 15:51:59'),
(200, 'go not away.', 0, 50, '2019-03-09 15:51:59', '2019-03-09 15:51:59'),
(201, 'was', 0, 51, '2019-03-09 15:51:59', '2019-03-09 15:51:59'),
(202, 'time', 0, 51, '2019-03-09 15:51:59', '2019-03-09 15:51:59'),
(203, 'about', 1, 51, '2019-03-09 15:51:59', '2019-03-09 15:51:59'),
(204, 'did', 0, 51, '2019-03-09 15:51:59', '2019-03-09 15:51:59'),
(205, 'on', 1, 52, '2019-03-09 15:51:59', '2019-03-09 15:51:59'),
(206, 'by', 0, 52, '2019-03-09 15:51:59', '2019-03-09 15:51:59'),
(207, 'next', 0, 52, '2019-03-09 15:51:59', '2019-03-09 15:51:59'),
(208, 'at', 0, 52, '2019-03-09 15:51:59', '2019-03-09 15:51:59'),
(209, 'asked', 1, 53, '2019-03-09 15:51:59', '2019-03-09 15:51:59'),
(210, 'have asked', 0, 53, '2019-03-09 15:51:59', '2019-03-09 15:51:59'),
(211, 'will ask', 0, 53, '2019-03-09 15:51:59', '2019-03-09 15:51:59'),
(212, 'have been asked', 0, 53, '2019-03-09 15:51:59', '2019-03-09 15:51:59'),
(213, 'talker', 1, 54, '2019-03-09 15:51:59', '2019-03-09 15:51:59'),
(214, 'eyes', 0, 54, '2019-03-09 15:51:59', '2019-03-09 15:51:59'),
(215, 'one', 0, 54, '2019-03-09 15:51:59', '2019-03-09 15:51:59'),
(216, 'ride', 0, 54, '2019-03-09 15:51:59', '2019-03-09 15:51:59'),
(217, 'pack', 0, 55, '2019-03-09 15:51:59', '2019-03-09 15:51:59'),
(218, 'bull', 1, 55, '2019-03-09 15:51:59', '2019-03-09 15:51:59'),
(219, 'fishy', 0, 55, '2019-03-09 15:51:59', '2019-03-09 15:51:59'),
(220, 'business', 0, 55, '2019-03-09 15:51:59', '2019-03-09 15:51:59'),
(221, 'extension', 1, 56, '2019-03-09 15:51:59', '2019-03-09 15:51:59'),
(222, 'expansion', 0, 56, '2019-03-09 15:51:59', '2019-03-09 15:51:59'),
(223, 'development', 0, 56, '2019-03-09 15:51:59', '2019-03-09 15:51:59'),
(224, 'growth', 0, 56, '2019-03-09 15:51:59', '2019-03-09 15:51:59'),
(225, 'another', 0, 57, '2019-03-09 15:51:59', '2019-03-09 15:51:59'),
(226, 'other', 0, 57, '2019-03-09 15:51:59', '2019-03-09 15:51:59'),
(227, 'the other', 1, 57, '2019-03-09 15:51:59', '2019-03-09 15:51:59'),
(228, 'the rest', 0, 57, '2019-03-09 15:51:59', '2019-03-09 15:51:59'),
(229, 'looked for', 0, 58, '2019-03-09 15:51:59', '2019-03-09 15:51:59'),
(230, 'put right', 1, 58, '2019-03-09 15:51:59', '2019-03-09 15:51:59'),
(231, 'kept up', 0, 58, '2019-03-09 15:51:59', '2019-03-09 15:51:59'),
(232, 'given back', 0, 58, '2019-03-09 15:51:59', '2019-03-09 15:51:59'),
(233, 'lived', 0, 59, '2019-03-09 15:51:59', '2019-03-09 15:51:59'),
(234, 'live', 0, 59, '2019-03-09 15:51:59', '2019-03-09 15:51:59'),
(235, 'living', 1, 59, '2019-03-09 15:51:59', '2019-03-09 15:51:59'),
(236, 'lives', 0, 59, '2019-03-09 15:51:59', '2019-03-09 15:51:59'),
(237, 'in', 0, 60, '2019-03-09 15:51:59', '2019-03-09 15:51:59'),
(238, 'on', 0, 60, '2019-03-09 15:51:59', '2019-03-09 15:51:59'),
(239, 'at', 1, 60, '2019-03-09 15:51:59', '2019-03-09 15:51:59'),
(240, 'zero', 0, 60, '2019-03-09 15:51:59', '2019-03-09 15:51:59'),
(241, 'both of them', 0, 61, '2019-03-09 15:51:59', '2019-03-09 15:51:59'),
(242, 'his both', 0, 61, '2019-03-09 15:51:59', '2019-03-09 15:51:59'),
(243, 'both his', 1, 61, '2019-03-09 15:51:59', '2019-03-09 15:51:59'),
(244, 'the two both his', 0, 61, '2019-03-09 15:51:59', '2019-03-09 15:51:59'),
(245, 'have you', 0, 62, '2019-03-09 15:51:59', '2019-03-09 15:51:59'),
(246, 'do you have', 1, 62, '2019-03-09 15:51:59', '2019-03-09 15:51:59'),
(247, 'you have', 0, 62, '2019-03-09 15:51:59', '2019-03-09 15:51:59'),
(248, 'you are having', 0, 62, '2019-03-09 15:51:59', '2019-03-09 15:51:59'),
(249, 'in', 0, 63, '2019-03-09 15:51:59', '2019-03-09 15:51:59'),
(250, 'from', 0, 63, '2019-03-09 15:51:59', '2019-03-09 15:51:59'),
(251, 'than', 0, 63, '2019-03-09 15:51:59', '2019-03-09 15:51:59'),
(252, 'of', 1, 63, '2019-03-09 15:51:59', '2019-03-09 15:51:59'),
(253, 'Already not', 0, 64, '2019-03-09 15:51:59', '2019-03-09 15:51:59'),
(254, 'Quite not', 0, 64, '2019-03-09 15:51:59', '2019-03-09 15:51:59'),
(255, 'Yet not', 0, 64, '2019-03-09 15:51:59', '2019-03-09 15:51:59'),
(256, 'Not yet', 1, 64, '2019-03-09 15:51:59', '2019-03-09 15:51:59'),
(257, 'out from', 0, 65, '2019-03-09 15:51:59', '2019-03-09 15:51:59'),
(258, 'out', 0, 65, '2019-03-09 15:51:59', '2019-03-09 15:51:59'),
(259, 'outside', 1, 65, '2019-03-09 15:51:59', '2019-03-09 15:51:59'),
(260, 'out of', 0, 65, '2019-03-09 15:51:59', '2019-03-09 15:51:59'),
(261, 'not can', 0, 66, '2019-03-09 15:51:59', '2019-03-09 15:51:59'),
(262, 'cannot', 1, 66, '2019-03-09 15:51:59', '2019-03-09 15:51:59'),
(263, 'doesn\'t can', 0, 66, '2019-03-09 15:51:59', '2019-03-09 15:51:59'),
(264, 'don\'t can', 0, 66, '2019-03-09 15:51:59', '2019-03-09 15:51:59'),
(265, 'He goes there by train. ', 1, 67, '2019-03-09 15:51:59', '2019-03-09 15:51:59'),
(266, 'He there goes by train.', 0, 67, '2019-03-09 15:51:59', '2019-03-09 15:51:59'),
(267, 'He goes by train there.', 0, 67, '2019-03-09 15:51:59', '2019-03-09 15:51:59'),
(268, 'There goes he by train.', 0, 67, '2019-03-09 15:51:59', '2019-03-09 15:51:59'),
(269, 'Her house was not blue last week.', 0, 68, '2019-03-09 15:51:59', '2019-03-09 15:51:59'),
(270, 'They painted her house white for her yesterday. ', 1, 68, '2019-03-09 15:51:59', '2019-03-09 15:51:59'),
(271, 'She painted her house yesterday.', 0, 68, '2019-03-09 15:51:59', '2019-03-09 15:51:59'),
(272, 'She had to paint her house white yesterday.', 0, 68, '2019-03-09 15:51:59', '2019-03-09 15:51:59'),
(273, 'sell', 0, 69, '2019-03-09 15:51:59', '2019-03-09 15:51:59'),
(274, 'for sale', 1, 69, '2019-03-09 15:51:59', '2019-03-09 15:51:59'),
(275, 'for sell', 0, 69, '2019-03-09 15:51:59', '2019-03-09 15:51:59'),
(276, 'sale', 0, 69, '2019-03-09 15:51:59', '2019-03-09 15:51:59'),
(277, 'will say', 0, 70, '2019-03-09 15:51:59', '2019-03-09 15:51:59'),
(278, 'is saying', 0, 70, '2019-03-09 15:51:59', '2019-03-09 15:51:59'),
(279, 'shall say', 0, 70, '2019-03-09 15:51:59', '2019-03-09 15:51:59'),
(280, 'says', 1, 70, '2019-03-09 15:51:59', '2019-03-09 15:51:59'),
(281, 'went', 0, 71, '2019-03-09 15:51:59', '2019-03-09 15:51:59'),
(282, 'was going', 0, 71, '2019-03-09 15:51:59', '2019-03-09 15:51:59'),
(283, 'has gone', 1, 71, '2019-03-09 15:51:59', '2019-03-09 15:51:59'),
(284, 'goes', 0, 71, '2019-03-09 15:51:59', '2019-03-09 15:51:59'),
(285, 'broken', 1, 72, '2019-03-09 15:51:59', '2019-03-09 15:51:59'),
(286, 'breaking', 0, 72, '2019-03-09 15:51:59', '2019-03-09 15:51:59'),
(287, 'broke', 0, 72, '2019-03-09 15:51:59', '2019-03-09 15:51:59'),
(288, 'break', 0, 72, '2019-03-09 15:51:59', '2019-03-09 15:51:59'),
(289, 'with', 0, 73, '2019-03-09 15:51:59', '2019-03-09 15:51:59'),
(290, 'of', 1, 73, '2019-03-09 15:51:59', '2019-03-09 15:51:59'),
(291, 'to', 0, 73, '2019-03-09 15:51:59', '2019-03-09 15:51:59'),
(292, 'zero', 0, 73, '2019-03-09 15:51:59', '2019-03-09 15:51:59'),
(293, 'appreciate', 0, 74, '2019-03-09 15:51:59', '2019-03-09 15:51:59'),
(294, 'support', 0, 74, '2019-03-09 15:51:59', '2019-03-09 15:51:59'),
(295, 'approve', 1, 74, '2019-03-09 15:51:59', '2019-03-09 15:51:59'),
(296, 'agree', 0, 74, '2019-03-09 15:51:59', '2019-03-09 15:51:59'),
(297, 'little', 0, 75, '2019-03-09 15:51:59', '2019-03-09 15:51:59'),
(298, 'few', 0, 75, '2019-03-09 15:51:59', '2019-03-09 15:51:59'),
(299, 'less', 1, 75, '2019-03-09 15:51:59', '2019-03-09 15:51:59'),
(300, 'fewer', 0, 75, '2019-03-09 15:51:59', '2019-03-09 15:51:59'),
(301, 'it is very expensive', 0, 76, '2019-03-09 15:51:59', '2019-03-09 15:51:59'),
(302, 'which was very expensive', 1, 76, '2019-03-09 15:51:59', '2019-03-09 15:51:59'),
(303, 'hose colour was black', 0, 76, '2019-03-09 15:51:59', '2019-03-09 15:51:59'),
(304, 'it will be vey expensive', 0, 76, '2019-03-09 15:51:59', '2019-03-09 15:51:59'),
(305, 'will have been released', 0, 77, '2019-03-09 15:51:59', '2019-03-09 15:51:59'),
(306, 'will be released', 1, 77, '2019-03-09 15:51:59', '2019-03-09 15:51:59'),
(307, 'release', 0, 77, '2019-03-09 15:51:59', '2019-03-09 15:51:59'),
(308, 'will release', 0, 77, '2019-03-09 15:51:59', '2019-03-09 15:51:59'),
(309, 'belonged to Som', 0, 78, '2019-03-09 15:51:59', '2019-03-09 15:51:59'),
(310, 'belong to Som', 0, 78, '2019-03-09 15:51:59', '2019-03-09 15:51:59'),
(311, 'Som\'s', 1, 78, '2019-03-09 15:51:59', '2019-03-09 15:51:59'),
(312, 'of Som', 0, 78, '2019-03-09 15:51:59', '2019-03-09 15:51:59'),
(313, 'to me', 0, 79, '2019-03-09 15:51:59', '2019-03-09 15:51:59'),
(314, 'me', 1, 79, '2019-03-09 15:51:59', '2019-03-09 15:51:59'),
(315, 'I', 0, 79, '2019-03-09 15:51:59', '2019-03-09 15:51:59'),
(316, 'my', 0, 79, '2019-03-09 15:51:59', '2019-03-09 15:51:59'),
(317, 'to find', 0, 80, '2019-03-09 15:51:59', '2019-03-09 15:51:59'),
(318, 'of finding', 0, 80, '2019-03-09 15:51:59', '2019-03-09 15:51:59'),
(319, 'in finding', 1, 80, '2019-03-09 15:51:59', '2019-03-09 15:51:59'),
(320, 'to be finding', 0, 80, '2019-03-09 15:51:59', '2019-03-09 15:51:59'),
(321, 'It’s', 0, 81, '2019-03-09 15:51:59', '2019-03-09 15:51:59'),
(322, 'There is', 1, 81, '2019-03-09 15:51:59', '2019-03-09 15:51:59'),
(323, 'That’s', 0, 81, '2019-03-09 15:51:59', '2019-03-09 15:51:59'),
(324, 'Is', 0, 81, '2019-03-09 15:51:59', '2019-03-09 15:51:59'),
(325, 'most smallest', 0, 82, '2019-03-09 15:51:59', '2019-03-09 15:51:59'),
(326, 'more small', 0, 82, '2019-03-09 15:51:59', '2019-03-09 15:51:59'),
(327, 'smaller', 0, 82, '2019-03-09 15:51:59', '2019-03-09 15:51:59'),
(328, 'smallest', 1, 82, '2019-03-09 15:51:59', '2019-03-09 15:51:59'),
(329, 'his mother', 0, 83, '2019-03-09 15:51:59', '2019-03-09 15:51:59'),
(330, 'his mothers’', 0, 83, '2019-03-09 15:51:59', '2019-03-09 15:51:59'),
(331, 'hers', 1, 83, '2019-03-09 15:51:59', '2019-03-09 15:51:59'),
(332, 'her', 0, 83, '2019-03-09 15:51:59', '2019-03-09 15:51:59'),
(333, 'of', 1, 84, '2019-03-09 15:51:59', '2019-03-09 15:51:59'),
(334, 'from', 0, 84, '2019-03-09 15:51:59', '2019-03-09 15:51:59'),
(335, 'on', 0, 84, '2019-03-09 15:51:59', '2019-03-09 15:51:59'),
(336, 'for', 0, 84, '2019-03-09 15:51:59', '2019-03-09 15:51:59'),
(337, 'getting', 1, 85, '2019-03-09 15:51:59', '2019-03-09 15:51:59'),
(338, 'going', 0, 85, '2019-03-09 15:51:59', '2019-03-09 15:51:59'),
(339, 'doing', 0, 85, '2019-03-09 15:51:59', '2019-03-09 15:51:59'),
(340, 'putting', 0, 85, '2019-03-09 15:51:59', '2019-03-09 15:51:59'),
(341, 'for', 0, 86, '2019-03-09 15:51:59', '2019-03-09 15:51:59'),
(342, 'gone to', 0, 86, '2019-03-09 15:52:00', '2019-03-09 15:52:00'),
(343, 'gone for', 1, 86, '2019-03-09 15:52:00', '2019-03-09 15:52:00'),
(344, 'went for', 0, 86, '2019-03-09 15:52:00', '2019-03-09 15:52:00'),
(345, 'under', 0, 87, '2019-03-09 15:52:00', '2019-03-09 15:52:00'),
(346, 'between', 1, 87, '2019-03-09 15:52:00', '2019-03-09 15:52:00'),
(347, 'inside', 0, 87, '2019-03-09 15:52:00', '2019-03-09 15:52:00'),
(348, 'among', 0, 87, '2019-03-09 15:52:00', '2019-03-09 15:52:00'),
(349, 'of', 0, 88, '2019-03-09 15:52:00', '2019-03-09 15:52:00'),
(350, 'off', 1, 88, '2019-03-09 15:52:00', '2019-03-09 15:52:00'),
(351, 'out', 0, 88, '2019-03-09 15:52:00', '2019-03-09 15:52:00'),
(352, 'from', 0, 88, '2019-03-09 15:52:00', '2019-03-09 15:52:00'),
(353, 'your or John’s', 0, 89, '2019-03-09 15:52:00', '2019-03-09 15:52:00'),
(354, 'yours or John’s', 1, 89, '2019-03-09 15:52:00', '2019-03-09 15:52:00'),
(355, 'your’s or John’s', 0, 89, '2019-03-09 15:52:00', '2019-03-09 15:52:00'),
(356, 'yours’ or Johns’', 0, 89, '2019-03-09 15:52:00', '2019-03-09 15:52:00'),
(357, 'are', 1, 90, '2019-03-09 15:52:00', '2019-03-09 15:52:00'),
(358, 'have', 0, 90, '2019-03-09 15:52:00', '2019-03-09 15:52:00'),
(359, 'has', 0, 90, '2019-03-09 15:52:00', '2019-03-09 15:52:00'),
(360, 'is', 0, 90, '2019-03-09 15:52:00', '2019-03-09 15:52:00'),
(361, 'Thank you.', 0, 91, '2019-03-09 15:52:00', '2019-03-09 15:52:00'),
(362, 'Please!', 0, 91, '2019-03-09 15:52:00', '2019-03-09 15:52:00'),
(363, 'No, thank you. ', 1, 91, '2019-03-09 15:52:00', '2019-03-09 15:52:00'),
(364, 'No, please.', 0, 91, '2019-03-09 15:52:00', '2019-03-09 15:52:00'),
(365, 'whereas', 0, 92, '2019-03-09 15:52:00', '2019-03-09 15:52:00'),
(366, 'despite', 0, 92, '2019-03-09 15:52:00', '2019-03-09 15:52:00'),
(367, 'in spite of', 0, 92, '2019-03-09 15:52:00', '2019-03-09 15:52:00'),
(368, 'although', 1, 92, '2019-03-09 15:52:00', '2019-03-09 15:52:00'),
(369, 'hasn’t have', 0, 93, '2019-03-09 15:52:00', '2019-03-09 15:52:00'),
(370, 'doesn’t have', 1, 93, '2019-03-09 15:52:00', '2019-03-09 15:52:00'),
(371, 'doesn’t has', 0, 93, '2019-03-09 15:52:00', '2019-03-09 15:52:00'),
(372, 'don’t have', 0, 93, '2019-03-09 15:52:00', '2019-03-09 15:52:00'),
(373, 'Be', 1, 94, '2019-03-09 15:52:00', '2019-03-09 15:52:00'),
(374, 'Being', 0, 94, '2019-03-09 15:52:00', '2019-03-09 15:52:00'),
(375, 'To be', 0, 94, '2019-03-09 15:52:00', '2019-03-09 15:52:00'),
(376, 'Are', 0, 94, '2019-03-09 15:52:00', '2019-03-09 15:52:00'),
(377, 'talker', 0, 95, '2019-03-09 15:52:00', '2019-03-09 15:52:00'),
(378, 'snake', 0, 95, '2019-03-09 15:52:00', '2019-03-09 15:52:00'),
(379, 'eel', 0, 95, '2019-03-09 15:52:00', '2019-03-09 15:52:00'),
(380, 'egg', 1, 95, '2019-03-09 15:52:00', '2019-03-09 15:52:00'),
(381, 'by', 0, 96, '2019-03-09 15:52:00', '2019-03-09 15:52:00'),
(382, 'of', 1, 96, '2019-03-09 15:52:00', '2019-03-09 15:52:00'),
(383, 'with', 0, 96, '2019-03-09 15:52:00', '2019-03-09 15:52:00'),
(384, 'for', 0, 96, '2019-03-09 15:52:00', '2019-03-09 15:52:00'),
(385, 'travel', 0, 97, '2019-03-09 15:52:00', '2019-03-09 15:52:00'),
(386, 'travelling', 1, 97, '2019-03-09 15:52:00', '2019-03-09 15:52:00'),
(387, 'travels', 0, 97, '2019-03-09 15:52:00', '2019-03-09 15:52:00'),
(388, 'to travel', 0, 97, '2019-03-09 15:52:00', '2019-03-09 15:52:00'),
(389, 'which', 0, 98, '2019-03-09 15:52:00', '2019-03-09 15:52:00'),
(390, 'in which', 0, 98, '2019-03-09 15:52:00', '2019-03-09 15:52:00'),
(391, 'that', 0, 98, '2019-03-09 15:52:00', '2019-03-09 15:52:00'),
(392, 'why', 1, 98, '2019-03-09 15:52:00', '2019-03-09 15:52:00'),
(393, 'whose sister is sick', 0, 99, '2019-03-09 15:52:00', '2019-03-09 15:52:00'),
(394, 'whose sick sister', 1, 99, '2019-03-09 15:52:00', '2019-03-09 15:52:00'),
(395, 'whose sister sick', 0, 99, '2019-03-09 15:52:00', '2019-03-09 15:52:00'),
(396, 'who his sister is sick', 0, 99, '2019-03-09 15:52:00', '2019-03-09 15:52:00'),
(397, 'have done', 1, 100, '2019-03-09 15:52:00', '2019-03-09 15:52:00'),
(398, 'do', 0, 100, '2019-03-09 15:52:00', '2019-03-09 15:52:00'),
(399, 'would do', 0, 100, '2019-03-09 15:52:00', '2019-03-09 15:52:00'),
(400, 'did', 0, 100, '2019-03-09 15:52:00', '2019-03-09 15:52:00');

-- --------------------------------------------------------

--
-- Table structure for table `categories`
--

CREATE TABLE `categories` (
  `id` int(3) NOT NULL,
  `title` varchar(60) NOT NULL,
  `created_at` datetime NOT NULL DEFAULT CURRENT_TIMESTAMP,
  `updated_at` datetime NOT NULL DEFAULT CURRENT_TIMESTAMP
) ENGINE=InnoDB DEFAULT CHARSET=utf8;

--
-- Dumping data for table `categories`
--

INSERT INTO `categories` (`id`, `title`, `created_at`, `updated_at`) VALUES
(1, 'Trình độ A', '2019-03-09 14:04:27', '2019-03-09 14:04:27'),
(2, 'Trình độ B', '2019-03-09 14:04:27', '2019-03-09 14:04:27'),
(3, 'Trinh độ C', '2019-03-09 14:04:27', '2019-03-09 14:04:27');

-- --------------------------------------------------------

--
-- Table structure for table `questions`
--

CREATE TABLE `questions` (
  `id` int(5) NOT NULL,
  `content` varchar(200) NOT NULL,
  `id_category` int(3) NOT NULL,
  `created_at` datetime NOT NULL DEFAULT CURRENT_TIMESTAMP,
  `updated_at` datetime NOT NULL DEFAULT CURRENT_TIMESTAMP
) ENGINE=InnoDB DEFAULT CHARSET=utf8;

--
-- Dumping data for table `questions`
--

INSERT INTO `questions` (`id`, `content`, `id_category`, `created_at`, `updated_at`) VALUES
(1, 'Who are all ________ people?', 1, '2019-03-09 14:49:05', '2019-03-09 14:49:05'),
(2, 'I don\'t know ________ people.', 1, '2019-03-09 14:49:05', '2019-03-09 14:49:05'),
(3, 'We live near ________ the river.', 1, '2019-03-09 14:49:05', '2019-03-09 14:49:05'),
(4, 'He says that he must have ________.', 1, '2019-03-09 14:49:05', '2019-03-09 14:49:05'),
(5, 'John is a good worker: He works very ________.', 1, '2019-03-09 14:49:05', '2019-03-09 14:49:05'),
(6, 'Let\'s ________ a party!', 1, '2019-03-09 14:49:05', '2019-03-09 14:49:05'),
(7, 'The radio\'s much too loud: please turn it ________.', 1, '2019-03-09 14:49:05', '2019-03-09 14:49:05'),
(8, '- Would you like some sugar? - Yes, please, just ________. ', 1, '2019-03-09 14:49:05', '2019-03-09 14:49:05'),
(9, 'They say he has ________ money.', 1, '2019-03-09 14:49:05', '2019-03-09 14:49:05'),
(10, 'How much time do you ________ your homework?', 1, '2019-03-09 14:49:05', '2019-03-09 14:49:05'),
(11, 'My father is ________ man.', 1, '2019-03-09 14:49:05', '2019-03-09 14:49:05'),
(12, 'Millions of cigarettes ________ every year.', 1, '2019-03-09 14:49:05', '2019-03-09 14:49:05'),
(13, 'Gold, as well as silver ________ in price, he said.', 1, '2019-03-09 14:49:05', '2019-03-09 14:49:05'),
(14, 'They quarreled ________ the choice of a house.', 1, '2019-03-09 14:49:05', '2019-03-09 14:49:05'),
(15, 'Fred was a really silly boy when we were in high-school. I still remember ________ very stupid questions.', 1, '2019-03-09 14:49:05', '2019-03-09 14:49:05'),
(16, '________ I like the Rolling Stones.', 1, '2019-03-09 14:49:05', '2019-03-09 14:49:05'),
(17, '- Are you sorry that you didn\'t take pictures? - Yes, I regret ________ any.', 1, '2019-03-09 14:49:05', '2019-03-09 14:49:05'),
(18, 'If he had not given me advice, I ________ again.', 1, '2019-03-09 14:49:05', '2019-03-09 14:49:05'),
(19, 'What ________ ! The rain has not stopped all day.', 1, '2019-03-09 14:49:05', '2019-03-09 14:49:05'),
(20, '- Which of the two boys is a boy scout? - ________ of them is. ', 1, '2019-03-09 14:49:05', '2019-03-09 14:49:05'),
(21, 'My cousin ________ bank manager.', 1, '2019-03-09 14:49:05', '2019-03-09 14:49:05'),
(22, 'Claude is ________.', 1, '2019-03-09 14:49:05', '2019-03-09 14:49:05'),
(23, 'She smokes ________.', 1, '2019-03-09 14:49:05', '2019-03-09 14:49:05'),
(24, 'She\'s talking to you. Please listen to ________.', 1, '2019-03-09 14:49:05', '2019-03-09 14:49:05'),
(25, 'This isn\'t Bob\'s car. ________ is a sports car.', 1, '2019-03-09 14:49:05', '2019-03-09 14:49:05'),
(26, 'Jack and Tom ________ go to school yesterday.', 1, '2019-03-09 14:49:05', '2019-03-09 14:49:05'),
(27, 'Jack always ________ to his office by car.', 1, '2019-03-09 14:49:05', '2019-03-09 14:49:05'),
(28, '________ tall are you?', 1, '2019-03-09 14:49:05', '2019-03-09 14:49:05'),
(29, 'I speak French ________ Jenny.', 1, '2019-03-09 14:49:05', '2019-03-09 14:49:05'),
(30, 'Mirana remembered to phone the doctor. =>____________________________.', 1, '2019-03-09 14:49:05', '2019-03-09 14:49:05'),
(31, 'These are my ________ three children.', 1, '2019-03-09 14:49:05', '2019-03-09 14:49:05'),
(32, '- What would you like for your birthday? - ________ will do. ', 1, '2019-03-09 14:49:05', '2019-03-09 14:49:05'),
(33, 'What \'s your proposal? I propose that the meeting ________ .', 1, '2019-03-09 14:49:05', '2019-03-09 14:49:05'),
(34, '\"Here\'s the money I promised,\" he said. \"I always ________ my promises.\"', 1, '2019-03-09 14:49:05', '2019-03-09 14:49:05'),
(35, 'The boy suffered ________ a very bad headache.', 1, '2019-03-09 14:49:05', '2019-03-09 14:49:05'),
(36, 'Always ________ honest in whatever you do.', 1, '2019-03-09 14:49:05', '2019-03-09 14:49:05'),
(37, 'Did you ________ your pocketbook?', 1, '2019-03-09 14:49:05', '2019-03-09 14:49:05'),
(38, 'I prefer ______ soccer to watching TV.', 1, '2019-03-09 14:49:05', '2019-03-09 14:49:05'),
(39, 'If you had locked the gate properly, the robbers ________ into the house.', 1, '2019-03-09 14:49:05', '2019-03-09 14:49:05'),
(40, 'Your friend speaks English very well, doesn\'t she? Yes, she ________ English since she was a little girl.', 1, '2019-03-09 14:49:05', '2019-03-09 14:49:05'),
(41, 'It is ________ question.', 1, '2019-03-09 14:49:05', '2019-03-09 14:49:05'),
(42, '- ________? - Ten past three.', 1, '2019-03-09 14:49:05', '2019-03-09 14:49:05'),
(43, 'The oranges are ________.', 1, '2019-03-09 14:49:05', '2019-03-09 14:49:05'),
(44, 'I\'m not good ________ French.', 1, '2019-03-09 14:49:05', '2019-03-09 14:49:05'),
(45, 'The old man tripped and fell ________ the stairs.', 1, '2019-03-09 14:49:05', '2019-03-09 14:49:05'),
(46, '________ you fond of jazz?', 1, '2019-03-09 14:49:05', '2019-03-09 14:49:05'),
(47, 'Why ________ a car?', 1, '2019-03-09 14:49:05', '2019-03-09 14:49:05'),
(48, 'Is that John\'s wife? No, John ________ married yet.', 1, '2019-03-09 14:49:05', '2019-03-09 14:49:05'),
(49, '________ the bus to work.', 1, '2019-03-09 14:49:05', '2019-03-09 14:49:05'),
(50, 'I asked him ________.', 1, '2019-03-09 14:49:05', '2019-03-09 14:49:05'),
(51, 'What ________ your friend? Was she at the party?', 1, '2019-03-09 14:49:05', '2019-03-09 14:49:05'),
(52, 'I always go shopping ________ Monday morning.', 1, '2019-03-09 14:49:05', '2019-03-09 14:49:05'),
(53, 'Of course, she would come to the meeting if you ________ her.', 1, '2019-03-09 14:49:05', '2019-03-09 14:49:05'),
(54, 'I wouldn\'t believe what she says. She sounds very convincing but she\'s just a fast ________.', 1, '2019-03-09 14:49:05', '2019-03-09 14:49:05'),
(55, 'I\'ve never heard such a load of cock and ________ in my life.', 1, '2019-03-09 14:49:05', '2019-03-09 14:49:05'),
(56, 'The ________ built onto the back of the house provided valuable extra space.', 1, '2019-03-09 14:49:05', '2019-03-09 14:49:05'),
(57, 'The bank is on ________ side of the street.', 1, '2019-03-09 14:49:05', '2019-03-09 14:49:05'),
(58, 'Before it was sold, the broken machine was cleaned and ________.', 1, '2019-03-09 14:49:05', '2019-03-09 14:49:05'),
(59, 'We are not used to ________ in a cold climate.', 1, '2019-03-09 14:49:05', '2019-03-09 14:49:05'),
(60, 'I live ________ 42 Satorn Road.', 1, '2019-03-09 14:49:05', '2019-03-09 14:49:05'),
(61, 'He\'s very short: ________ sisters are taller.', 1, '2019-03-09 14:49:05', '2019-03-09 14:49:05'),
(62, 'When ________ dinner.', 1, '2019-03-09 14:49:05', '2019-03-09 14:49:05'),
(63, 'Kate is the best ________ the three.', 1, '2019-03-09 14:49:05', '2019-03-09 14:49:05'),
(64, '- Are you ready? - ________.', 1, '2019-03-09 14:49:05', '2019-03-09 14:49:05'),
(65, 'Leave your dirty shoes ________ the door.', 1, '2019-03-09 14:49:05', '2019-03-09 14:49:05'),
(66, 'He ________ swim very well.', 1, '2019-03-09 14:49:05', '2019-03-09 14:49:05'),
(67, 'Peter works in London. ________.', 1, '2019-03-09 14:49:05', '2019-03-09 14:49:05'),
(68, 'Yeuk Yee had her house painted white yesterday. = > ___________________________________.', 1, '2019-03-09 14:49:05', '2019-03-09 14:49:05'),
(69, 'The hotel is ________.', 1, '2019-03-09 14:49:05', '2019-03-09 14:49:05'),
(70, '- Can we begin the test? - We can\'t unless the teacher ________ so.', 1, '2019-03-09 14:49:05', '2019-03-09 14:49:05'),
(71, '\"You are late\" he said. \"I think the bus ________ already.\"', 1, '2019-03-09 14:49:05', '2019-03-09 14:49:05'),
(72, 'We wondered who was going to pay for the ________ window.', 1, '2019-03-09 14:49:05', '2019-03-09 14:49:05'),
(73, 'The pond near your house is full ________ white lilies.', 1, '2019-03-09 14:49:05', '2019-03-09 14:49:05'),
(74, 'His landlady doesn\'t ________ of his having parties.', 1, '2019-03-09 14:49:05', '2019-03-09 14:49:05'),
(75, 'I drink ________ coffee than you.', 1, '2019-03-09 14:49:05', '2019-03-09 14:49:05'),
(76, 'I bought her a new pencil sharpener ________.', 1, '2019-03-09 14:49:05', '2019-03-09 14:49:05'),
(77, 'The news ________ as soon as possible.', 1, '2019-03-09 14:49:05', '2019-03-09 14:49:05'),
(78, 'This book is ________.', 1, '2019-03-09 14:49:05', '2019-03-09 14:49:05'),
(79, 'Suda told ________ the whole story.', 1, '2019-03-09 14:49:05', '2019-03-09 14:49:05'),
(80, 'It\'s a small shop, and you may have some difficulty ________ it.', 1, '2019-03-09 14:49:05', '2019-03-09 14:49:05'),
(81, '________ a crowd in the street.', 1, '2019-03-09 14:49:05', '2019-03-09 14:49:05'),
(82, 'Our house has four bedrooms: I have the ________.', 1, '2019-03-09 14:49:05', '2019-03-09 14:49:05'),
(83, 'Mrs Lee’s son has a car, but he prefers to use ________.', 1, '2019-03-09 14:49:05', '2019-03-09 14:49:05'),
(84, 'What do you think ________ this new record?', 1, '2019-03-09 14:49:05', '2019-03-09 14:49:05'),
(85, 'They are all ________ ready for the party.', 1, '2019-03-09 14:49:05', '2019-03-09 14:49:05'),
(86, 'Nuri is out: he’s ________ a pint of milk.', 1, '2019-03-09 14:49:05', '2019-03-09 14:49:05'),
(87, 'The pen is ________ the book and the file.', 1, '2019-03-09 14:49:05', '2019-03-09 14:49:05'),
(88, 'You must get ________ the bus here.', 1, '2019-03-09 14:49:05', '2019-03-09 14:49:05'),
(89, 'Are these books ________?', 1, '2019-03-09 14:49:05', '2019-03-09 14:49:05'),
(90, 'Mr Brown’s friends ________ interested in your work.', 1, '2019-03-09 14:49:05', '2019-03-09 14:49:05'),
(91, 'Someone offers you a drink. You don’t want it. What do you say?', 1, '2019-03-09 14:49:05', '2019-03-09 14:49:05'),
(92, 'He speaks English very well ________ he’s only 12.', 1, '2019-03-09 14:49:05', '2019-03-09 14:49:05'),
(93, 'Susan ________ to clean the car at the weekend.', 1, '2019-03-09 14:49:05', '2019-03-09 14:49:05'),
(94, '________ patient, and you will succeed.', 1, '2019-03-09 14:49:05', '2019-03-09 14:49:05'),
(95, 'He’s not the sort of person to trust. He’s a bad ________.', 1, '2019-03-09 14:49:05', '2019-03-09 14:49:05'),
(96, 'He died ________ hunger and cold.', 1, '2019-03-09 14:49:05', '2019-03-09 14:49:05'),
(97, 'Eric is now riding his bike to work instead of ________ by bus.', 1, '2019-03-09 14:49:05', '2019-03-09 14:49:05'),
(98, 'The reason ________ he’s late is that he had an accident.', 1, '2019-03-09 14:49:05', '2019-03-09 14:49:05'),
(99, 'The boy ________ is here.', 1, '2019-03-09 14:49:05', '2019-03-09 14:49:05'),
(100, 'This is the first time I ________ the experiment on plant breeding.', 1, '2019-03-09 14:49:05', '2019-03-09 14:49:05');

--
-- Indexes for dumped tables
--

--
-- Indexes for table `answers`
--
ALTER TABLE `answers`
  ADD PRIMARY KEY (`id`),
  ADD KEY `FK_answers_questions` (`id_question`);

--
-- Indexes for table `categories`
--
ALTER TABLE `categories`
  ADD PRIMARY KEY (`id`),
  ADD UNIQUE KEY `title` (`title`);

--
-- Indexes for table `questions`
--
ALTER TABLE `questions`
  ADD PRIMARY KEY (`id`),
  ADD UNIQUE KEY `content` (`content`),
  ADD KEY `FK_questions_categories` (`id_category`);

--
-- AUTO_INCREMENT for dumped tables
--

--
-- AUTO_INCREMENT for table `answers`
--
ALTER TABLE `answers`
  MODIFY `id` int(6) NOT NULL AUTO_INCREMENT, AUTO_INCREMENT=402;

--
-- AUTO_INCREMENT for table `categories`
--
ALTER TABLE `categories`
  MODIFY `id` int(3) NOT NULL AUTO_INCREMENT, AUTO_INCREMENT=11;

--
-- AUTO_INCREMENT for table `questions`
--
ALTER TABLE `questions`
  MODIFY `id` int(5) NOT NULL AUTO_INCREMENT, AUTO_INCREMENT=101;

--
-- Constraints for dumped tables
--

--
-- Constraints for table `answers`
--
ALTER TABLE `answers`
  ADD CONSTRAINT `FK_answers_questions` FOREIGN KEY (`id_question`) REFERENCES `questions` (`id`) ON DELETE CASCADE ON UPDATE CASCADE;

--
-- Constraints for table `questions`
--
ALTER TABLE `questions`
  ADD CONSTRAINT `FK_questions_categories` FOREIGN KEY (`id_category`) REFERENCES `categories` (`id`) ON DELETE CASCADE ON UPDATE CASCADE;
COMMIT;

/*!40101 SET CHARACTER_SET_CLIENT=@OLD_CHARACTER_SET_CLIENT */;
/*!40101 SET CHARACTER_SET_RESULTS=@OLD_CHARACTER_SET_RESULTS */;
/*!40101 SET COLLATION_CONNECTION=@OLD_COLLATION_CONNECTION */;
