-- phpMyAdmin SQL Dump
-- version 4.8.5
-- https://www.phpmyadmin.net/
--
-- Host: 127.0.0.1
-- Generation Time: Jun 24, 2019 at 07:22 AM
-- Server version: 10.1.38-MariaDB
-- PHP Version: 7.3.2

SET SQL_MODE = "NO_AUTO_VALUE_ON_ZERO";
SET AUTOCOMMIT = 0;
START TRANSACTION;
SET time_zone = "+00:00";


/*!40101 SET @OLD_CHARACTER_SET_CLIENT=@@CHARACTER_SET_CLIENT */;
/*!40101 SET @OLD_CHARACTER_SET_RESULTS=@@CHARACTER_SET_RESULTS */;
/*!40101 SET @OLD_COLLATION_CONNECTION=@@COLLATION_CONNECTION */;
/*!40101 SET NAMES utf8mb4 */;

--
-- Database: `mcqenglish`
--
CREATE DATABASE IF NOT EXISTS `mcqenglish` DEFAULT CHARACTER SET utf8 COLLATE utf8_general_ci;
USE `mcqenglish`;

-- --------------------------------------------------------

--
-- Table structure for table `answers`
--

CREATE TABLE `answers` (
  `id` int(10) UNSIGNED NOT NULL,
  `content` varchar(150) COLLATE utf8_unicode_ci NOT NULL,
  `correct` tinyint(1) NOT NULL,
  `id_question` int(10) UNSIGNED NOT NULL,
  `created_at` timestamp NULL DEFAULT CURRENT_TIMESTAMP,
  `updated_at` timestamp NULL DEFAULT CURRENT_TIMESTAMP
) ENGINE=InnoDB DEFAULT CHARSET=utf8 COLLATE=utf8_unicode_ci;

--
-- Dumping data for table `answers`
--

INSERT INTO `answers` (`id`, `content`, `correct`, `id_question`, `created_at`, `updated_at`) VALUES
(1, 'in', 0, 1, '2019-06-24 04:45:03', '2019-06-24 04:45:03'),
(2, 'at', 1, 1, '2019-06-24 04:45:03', '2019-06-24 04:45:03'),
(3, 'on', 0, 1, '2019-06-24 04:45:03', '2019-06-24 04:45:03'),
(4, 'under', 0, 1, '2019-06-24 04:45:04', '2019-06-24 04:45:04'),
(5, 'Yes, they go.', 0, 2, '2019-06-24 04:45:04', '2019-06-24 04:45:04'),
(6, 'Yes, they do.', 1, 2, '2019-06-24 04:45:04', '2019-06-24 04:45:04'),
(7, 'They go.', 0, 2, '2019-06-24 04:45:04', '2019-06-24 04:45:04'),
(8, 'No, they don\'t go.', 0, 2, '2019-06-24 04:45:04', '2019-06-24 04:45:04'),
(9, 'is the time', 1, 3, '2019-06-24 04:45:04', '2019-06-24 04:45:04'),
(10, 'does the time', 0, 3, '2019-06-24 04:45:04', '2019-06-24 04:45:04'),
(11, 'is time', 0, 3, '2019-06-24 04:45:04', '2019-06-24 04:45:04'),
(12, 'is it', 0, 3, '2019-06-24 04:45:04', '2019-06-24 04:45:04'),
(13, 'with', 0, 4, '2019-06-24 04:45:04', '2019-06-24 04:45:04'),
(14, 'in', 0, 4, '2019-06-24 04:45:04', '2019-06-24 04:45:04'),
(15, 'on', 0, 4, '2019-06-24 04:45:04', '2019-06-24 04:45:04'),
(16, 'by', 1, 4, '2019-06-24 04:45:04', '2019-06-24 04:45:04'),
(17, 'have', 0, 5, '2019-06-24 04:45:04', '2019-06-24 04:45:04'),
(18, 'is', 1, 5, '2019-06-24 04:45:04', '2019-06-24 04:45:04'),
(19, 'does', 0, 5, '2019-06-24 04:45:04', '2019-06-24 04:45:04'),
(20, 'are', 0, 5, '2019-06-24 04:45:04', '2019-06-24 04:45:04'),
(21, 'Yes there are.', 1, 6, '2019-06-24 04:45:04', '2019-06-24 04:45:04'),
(22, 'Yes, they are.', 0, 6, '2019-06-24 04:45:04', '2019-06-24 04:45:04'),
(23, 'Some are.', 0, 6, '2019-06-24 04:45:04', '2019-06-24 04:45:04'),
(24, 'No they aren\'t.', 0, 6, '2019-06-24 04:45:04', '2019-06-24 04:45:04'),
(25, 'home work', 0, 7, '2019-06-24 04:45:04', '2019-06-24 04:45:04'),
(26, 'homework', 1, 7, '2019-06-24 04:45:04', '2019-06-24 04:45:04'),
(27, 'homeworks', 0, 7, '2019-06-24 04:45:04', '2019-06-24 04:45:04'),
(28, 'housework', 0, 7, '2019-06-24 04:45:04', '2019-06-24 04:45:04'),
(29, 'teach', 0, 8, '2019-06-24 04:45:04', '2019-06-24 04:45:04'),
(30, 'teaches', 1, 8, '2019-06-24 04:45:04', '2019-06-24 04:45:04'),
(31, 'teaching', 0, 8, '2019-06-24 04:45:04', '2019-06-24 04:45:04'),
(32, 'to teach', 0, 8, '2019-06-24 04:45:04', '2019-06-24 04:45:04'),
(33, 'I', 1, 9, '2019-06-24 04:45:04', '2019-06-24 04:45:04'),
(34, 'me', 0, 9, '2019-06-24 04:45:04', '2019-06-24 04:45:04'),
(35, 'my', 0, 9, '2019-06-24 04:45:04', '2019-06-24 04:45:04'),
(36, 'mine', 0, 9, '2019-06-24 04:45:04', '2019-06-24 04:45:04'),
(37, 'many', 0, 10, '2019-06-24 04:45:04', '2019-06-24 04:45:04'),
(38, 'much', 0, 10, '2019-06-24 04:45:04', '2019-06-24 04:45:04'),
(39, 'a lot of', 0, 10, '2019-06-24 04:45:04', '2019-06-24 04:45:04'),
(40, 'very', 1, 10, '2019-06-24 04:45:04', '2019-06-24 04:45:04'),
(41, 'a', 0, 11, '2019-06-24 04:45:04', '2019-06-24 04:45:04'),
(42, 'one', 0, 11, '2019-06-24 04:45:04', '2019-06-24 04:45:04'),
(43, 'the', 1, 11, '2019-06-24 04:45:04', '2019-06-24 04:45:04'),
(44, 'an', 0, 11, '2019-06-24 04:45:04', '2019-06-24 04:45:04'),
(45, 'on', 1, 12, '2019-06-24 04:45:04', '2019-06-24 04:45:04'),
(46, 'at', 0, 12, '2019-06-24 04:45:04', '2019-06-24 04:45:04'),
(47, 'in', 0, 12, '2019-06-24 04:45:04', '2019-06-24 04:45:04'),
(48, 'into', 0, 12, '2019-06-24 04:45:04', '2019-06-24 04:45:04'),
(49, 'no', 1, 13, '2019-06-24 04:45:04', '2019-06-24 04:45:04'),
(50, 'not', 0, 13, '2019-06-24 04:45:04', '2019-06-24 04:45:04'),
(51, 'none', 0, 13, '2019-06-24 04:45:04', '2019-06-24 04:45:04'),
(52, 'none of', 0, 13, '2019-06-24 04:45:04', '2019-06-24 04:45:04'),
(53, 'we', 0, 14, '2019-06-24 04:45:04', '2019-06-24 04:45:04'),
(54, 'us', 1, 14, '2019-06-24 04:45:04', '2019-06-24 04:45:04'),
(55, 'you', 0, 14, '2019-06-24 04:45:04', '2019-06-24 04:45:04'),
(56, 'our', 0, 14, '2019-06-24 04:45:04', '2019-06-24 04:45:04'),
(57, 'Your', 0, 15, '2019-06-24 04:45:04', '2019-06-24 04:45:04'),
(58, 'His', 0, 15, '2019-06-24 04:45:04', '2019-06-24 04:45:04'),
(59, 'My', 1, 15, '2019-06-24 04:45:04', '2019-06-24 04:45:04'),
(60, 'Her', 0, 15, '2019-06-24 04:45:04', '2019-06-24 04:45:04'),
(61, 'his', 1, 16, '2019-06-24 04:45:04', '2019-06-24 04:45:04'),
(62, 'her', 0, 16, '2019-06-24 04:45:04', '2019-06-24 04:45:04'),
(63, 'your', 0, 16, '2019-06-24 04:45:04', '2019-06-24 04:45:04'),
(64, 'my', 0, 16, '2019-06-24 04:45:04', '2019-06-24 04:45:04'),
(65, 'teacher', 0, 17, '2019-06-24 04:45:04', '2019-06-24 04:45:04'),
(66, 'pupil', 1, 17, '2019-06-24 04:45:04', '2019-06-24 04:45:04'),
(67, 'student', 0, 17, '2019-06-24 04:45:04', '2019-06-24 04:45:04'),
(68, 'doctor', 0, 17, '2019-06-24 04:45:04', '2019-06-24 04:45:04'),
(69, 'his', 1, 18, '2019-06-24 04:45:04', '2019-06-24 04:45:04'),
(70, 'my', 0, 18, '2019-06-24 04:45:04', '2019-06-24 04:45:04'),
(71, 'your', 0, 18, '2019-06-24 04:45:04', '2019-06-24 04:45:04'),
(72, 'hers', 0, 18, '2019-06-24 04:45:04', '2019-06-24 04:45:04'),
(73, 'their coats', 0, 19, '2019-06-24 04:45:04', '2019-06-24 04:45:04'),
(74, 'ours', 1, 19, '2019-06-24 04:45:04', '2019-06-24 04:45:04'),
(75, 'our coats', 0, 19, '2019-06-24 04:45:04', '2019-06-24 04:45:04'),
(76, 'yours', 0, 19, '2019-06-24 04:45:04', '2019-06-24 04:45:04'),
(77, 'in', 0, 20, '2019-06-24 04:45:04', '2019-06-24 04:45:04'),
(78, 'at', 0, 20, '2019-06-24 04:45:04', '2019-06-24 04:45:04'),
(79, 'on', 1, 20, '2019-06-24 04:45:04', '2019-06-24 04:45:04'),
(80, 'from', 0, 20, '2019-06-24 04:45:04', '2019-06-24 04:45:04'),
(81, 'in', 1, 21, '2019-06-24 04:45:04', '2019-06-24 04:45:04'),
(82, 'at', 0, 21, '2019-06-24 04:45:04', '2019-06-24 04:45:04'),
(83, 'on', 0, 21, '2019-06-24 04:45:04', '2019-06-24 04:45:04'),
(84, 'into', 0, 21, '2019-06-24 04:45:04', '2019-06-24 04:45:04'),
(85, 'in', 1, 22, '2019-06-24 04:45:04', '2019-06-24 04:45:04'),
(86, 'on', 0, 22, '2019-06-24 04:45:04', '2019-06-24 04:45:04'),
(87, 'into', 0, 22, '2019-06-24 04:45:04', '2019-06-24 04:45:04'),
(88, 'at', 0, 22, '2019-06-24 04:45:04', '2019-06-24 04:45:04'),
(89, 'in', 0, 23, '2019-06-24 04:45:04', '2019-06-24 04:45:04'),
(90, 'on', 1, 23, '2019-06-24 04:45:04', '2019-06-24 04:45:04'),
(91, 'into', 0, 23, '2019-06-24 04:45:04', '2019-06-24 04:45:04'),
(92, 'at', 0, 23, '2019-06-24 04:45:04', '2019-06-24 04:45:04'),
(93, 'to', 0, 24, '2019-06-24 04:45:04', '2019-06-24 04:45:04'),
(94, 'on', 0, 24, '2019-06-24 04:45:04', '2019-06-24 04:45:04'),
(95, 'into', 0, 24, '2019-06-24 04:45:04', '2019-06-24 04:45:04'),
(96, 'from', 1, 24, '2019-06-24 04:45:04', '2019-06-24 04:45:04'),
(97, 'I', 0, 25, '2019-06-24 04:45:04', '2019-06-24 04:45:04'),
(98, 'me', 1, 25, '2019-06-24 04:45:04', '2019-06-24 04:45:04'),
(99, 'my', 0, 25, '2019-06-24 04:45:04', '2019-06-24 04:45:04'),
(100, 'mine', 0, 25, '2019-06-24 04:45:04', '2019-06-24 04:45:04'),
(101, 'we', 1, 26, '2019-06-24 04:45:04', '2019-06-24 04:45:04'),
(102, 'us', 0, 26, '2019-06-24 04:45:04', '2019-06-24 04:45:04'),
(103, 'our', 0, 26, '2019-06-24 04:45:04', '2019-06-24 04:45:04'),
(104, 'ours', 0, 26, '2019-06-24 04:45:04', '2019-06-24 04:45:04'),
(105, 'she', 0, 27, '2019-06-24 04:45:04', '2019-06-24 04:45:04'),
(106, 'hers', 0, 27, '2019-06-24 04:45:04', '2019-06-24 04:45:04'),
(107, 'her', 1, 27, '2019-06-24 04:45:04', '2019-06-24 04:45:04'),
(108, 'she\'s', 0, 27, '2019-06-24 04:45:04', '2019-06-24 04:45:04'),
(109, 'they', 0, 28, '2019-06-24 04:45:04', '2019-06-24 04:45:04'),
(110, 'them', 1, 28, '2019-06-24 04:45:04', '2019-06-24 04:45:04'),
(111, 'their', 0, 28, '2019-06-24 04:45:04', '2019-06-24 04:45:04'),
(112, 'theirs', 0, 28, '2019-06-24 04:45:04', '2019-06-24 04:45:04'),
(113, 'it', 1, 29, '2019-06-24 04:45:04', '2019-06-24 04:45:04'),
(114, 'its', 0, 29, '2019-06-24 04:45:04', '2019-06-24 04:45:04'),
(115, 'them', 0, 29, '2019-06-24 04:45:04', '2019-06-24 04:45:04'),
(116, 'they', 0, 29, '2019-06-24 04:45:04', '2019-06-24 04:45:04'),
(117, 'his', 1, 30, '2019-06-24 04:45:04', '2019-06-24 04:45:04'),
(118, 'he', 0, 30, '2019-06-24 04:45:04', '2019-06-24 04:45:04'),
(119, 'him', 0, 30, '2019-06-24 04:45:04', '2019-06-24 04:45:04'),
(120, 'he\'s', 0, 30, '2019-06-24 04:45:04', '2019-06-24 04:45:04'),
(121, 'he', 0, 31, '2019-06-24 04:45:04', '2019-06-24 04:45:04'),
(122, 'her', 0, 31, '2019-06-24 04:45:04', '2019-06-24 04:45:04'),
(123, 'hers', 1, 31, '2019-06-24 04:45:04', '2019-06-24 04:45:04'),
(124, 'she', 0, 31, '2019-06-24 04:45:04', '2019-06-24 04:45:04'),
(125, 'she', 1, 32, '2019-06-24 04:45:04', '2019-06-24 04:45:04'),
(126, 'her', 0, 32, '2019-06-24 04:45:04', '2019-06-24 04:45:04'),
(127, 'hers', 0, 32, '2019-06-24 04:45:04', '2019-06-24 04:45:04'),
(128, 'his', 0, 32, '2019-06-24 04:45:04', '2019-06-24 04:45:04'),
(129, 'some', 1, 33, '2019-06-24 04:45:04', '2019-06-24 04:45:04'),
(130, 'any', 0, 33, '2019-06-24 04:45:04', '2019-06-24 04:45:04'),
(131, 'many', 0, 33, '2019-06-24 04:45:04', '2019-06-24 04:45:04'),
(132, 'much', 0, 33, '2019-06-24 04:45:04', '2019-06-24 04:45:04'),
(133, 'some', 0, 34, '2019-06-24 04:45:04', '2019-06-24 04:45:04'),
(134, 'any', 1, 34, '2019-06-24 04:45:04', '2019-06-24 04:45:04'),
(135, 'many', 0, 34, '2019-06-24 04:45:04', '2019-06-24 04:45:04'),
(136, 'much', 0, 34, '2019-06-24 04:45:04', '2019-06-24 04:45:04'),
(137, 'some', 0, 35, '2019-06-24 04:45:04', '2019-06-24 04:45:04'),
(138, 'any', 0, 35, '2019-06-24 04:45:04', '2019-06-24 04:45:04'),
(139, 'many', 1, 35, '2019-06-24 04:45:04', '2019-06-24 04:45:04'),
(140, 'much', 0, 35, '2019-06-24 04:45:04', '2019-06-24 04:45:04'),
(141, 'some', 0, 36, '2019-06-24 04:45:04', '2019-06-24 04:45:04'),
(142, 'any', 1, 36, '2019-06-24 04:45:04', '2019-06-24 04:45:04'),
(143, 'many', 0, 36, '2019-06-24 04:45:04', '2019-06-24 04:45:04'),
(144, 'much', 0, 36, '2019-06-24 04:45:04', '2019-06-24 04:45:04'),
(145, 'some', 1, 37, '2019-06-24 04:45:04', '2019-06-24 04:45:04'),
(146, 'any', 0, 37, '2019-06-24 04:45:04', '2019-06-24 04:45:04'),
(147, 'many', 0, 37, '2019-06-24 04:45:04', '2019-06-24 04:45:04'),
(148, 'much', 0, 37, '2019-06-24 04:45:04', '2019-06-24 04:45:04'),
(149, 'some', 0, 38, '2019-06-24 04:45:04', '2019-06-24 04:45:04'),
(150, 'any', 0, 38, '2019-06-24 04:45:04', '2019-06-24 04:45:04'),
(151, 'many', 0, 38, '2019-06-24 04:45:04', '2019-06-24 04:45:04'),
(152, 'much', 1, 38, '2019-06-24 04:45:04', '2019-06-24 04:45:04'),
(153, 'some', 0, 39, '2019-06-24 04:45:04', '2019-06-24 04:45:04'),
(154, 'any', 1, 39, '2019-06-24 04:45:04', '2019-06-24 04:45:04'),
(155, 'many', 0, 39, '2019-06-24 04:45:04', '2019-06-24 04:45:04'),
(156, 'much', 0, 39, '2019-06-24 04:45:04', '2019-06-24 04:45:04'),
(157, 'some', 1, 40, '2019-06-24 04:45:04', '2019-06-24 04:45:04'),
(158, 'any', 0, 40, '2019-06-24 04:45:04', '2019-06-24 04:45:04'),
(159, 'many', 0, 40, '2019-06-24 04:45:04', '2019-06-24 04:45:04'),
(160, 'much', 0, 40, '2019-06-24 04:45:04', '2019-06-24 04:45:04'),
(161, 'my', 0, 41, '2019-06-24 04:45:04', '2019-06-24 04:45:04'),
(162, 'her', 1, 41, '2019-06-24 04:45:04', '2019-06-24 04:45:04'),
(163, 'our', 0, 41, '2019-06-24 04:45:04', '2019-06-24 04:45:04'),
(164, 'hers', 0, 41, '2019-06-24 04:45:04', '2019-06-24 04:45:04'),
(165, 'We', 0, 42, '2019-06-24 04:45:04', '2019-06-24 04:45:04'),
(166, 'They', 0, 42, '2019-06-24 04:45:04', '2019-06-24 04:45:04'),
(167, 'Our', 1, 42, '2019-06-24 04:45:04', '2019-06-24 04:45:04'),
(168, 'I', 0, 42, '2019-06-24 04:45:04', '2019-06-24 04:45:04'),
(169, 'it', 0, 43, '2019-06-24 04:45:04', '2019-06-24 04:45:04'),
(170, 'its', 1, 43, '2019-06-24 04:45:04', '2019-06-24 04:45:04'),
(171, 'their', 0, 43, '2019-06-24 04:45:04', '2019-06-24 04:45:04'),
(172, 'they', 0, 43, '2019-06-24 04:45:04', '2019-06-24 04:45:04'),
(173, 'an', 1, 44, '2019-06-24 04:45:04', '2019-06-24 04:45:04'),
(174, 'a', 0, 44, '2019-06-24 04:45:04', '2019-06-24 04:45:04'),
(175, 'the', 0, 44, '2019-06-24 04:45:04', '2019-06-24 04:45:04'),
(176, 'no article', 0, 44, '2019-06-24 04:45:04', '2019-06-24 04:45:04'),
(177, 'both', 0, 45, '2019-06-24 04:45:04', '2019-06-24 04:45:04'),
(178, 'also', 0, 45, '2019-06-24 04:45:04', '2019-06-24 04:45:04'),
(179, 'and', 0, 45, '2019-06-24 04:45:04', '2019-06-24 04:45:04'),
(180, 'too', 1, 45, '2019-06-24 04:45:04', '2019-06-24 04:45:04'),
(181, 'short', 0, 46, '2019-06-24 04:45:04', '2019-06-24 04:45:04'),
(182, 'tall', 1, 46, '2019-06-24 04:45:04', '2019-06-24 04:45:04'),
(183, 'taller', 0, 46, '2019-06-24 04:45:04', '2019-06-24 04:45:04'),
(184, 'shorter', 0, 46, '2019-06-24 04:45:04', '2019-06-24 04:45:04'),
(185, 'than', 1, 47, '2019-06-24 04:45:04', '2019-06-24 04:45:04'),
(186, 'as', 0, 47, '2019-06-24 04:45:04', '2019-06-24 04:45:04'),
(187, 'but', 0, 47, '2019-06-24 04:45:04', '2019-06-24 04:45:04'),
(188, 'and', 0, 47, '2019-06-24 04:45:04', '2019-06-24 04:45:04'),
(189, 'the', 0, 48, '2019-06-24 04:45:04', '2019-06-24 04:45:04'),
(190, 'a', 1, 48, '2019-06-24 04:45:04', '2019-06-24 04:45:04'),
(191, 'an', 0, 48, '2019-06-24 04:45:04', '2019-06-24 04:45:04'),
(192, 'no article', 0, 48, '2019-06-24 04:45:04', '2019-06-24 04:45:04'),
(193, 'the', 0, 49, '2019-06-24 04:45:04', '2019-06-24 04:45:04'),
(194, 'a', 1, 49, '2019-06-24 04:45:04', '2019-06-24 04:45:04'),
(195, 'an', 0, 49, '2019-06-24 04:45:04', '2019-06-24 04:45:04'),
(196, 'no article', 0, 49, '2019-06-24 04:45:04', '2019-06-24 04:45:04'),
(197, 'the', 0, 50, '2019-06-24 04:45:04', '2019-06-24 04:45:04'),
(198, 'a', 0, 50, '2019-06-24 04:45:04', '2019-06-24 04:45:04'),
(199, 'an', 1, 50, '2019-06-24 04:45:04', '2019-06-24 04:45:04'),
(200, 'no article', 0, 50, '2019-06-24 04:45:04', '2019-06-24 04:45:04'),
(201, 'the', 0, 51, '2019-06-24 04:45:04', '2019-06-24 04:45:04'),
(202, 'a', 0, 51, '2019-06-24 04:45:04', '2019-06-24 04:45:04'),
(203, 'an', 0, 51, '2019-06-24 04:45:04', '2019-06-24 04:45:04'),
(204, 'no article', 1, 51, '2019-06-24 04:45:04', '2019-06-24 04:45:04'),
(205, 'the', 0, 52, '2019-06-24 04:45:04', '2019-06-24 04:45:04'),
(206, 'a', 0, 52, '2019-06-24 04:45:04', '2019-06-24 04:45:04'),
(207, 'an', 1, 52, '2019-06-24 04:45:04', '2019-06-24 04:45:04'),
(208, 'no article', 0, 52, '2019-06-24 04:45:04', '2019-06-24 04:45:04'),
(209, 'the', 0, 53, '2019-06-24 04:45:04', '2019-06-24 04:45:04'),
(210, 'a', 0, 53, '2019-06-24 04:45:04', '2019-06-24 04:45:04'),
(211, 'an', 0, 53, '2019-06-24 04:45:04', '2019-06-24 04:45:04'),
(212, 'no article', 1, 53, '2019-06-24 04:45:04', '2019-06-24 04:45:04'),
(213, 'the', 0, 54, '2019-06-24 04:45:04', '2019-06-24 04:45:04'),
(214, 'a', 1, 54, '2019-06-24 04:45:04', '2019-06-24 04:45:04'),
(215, 'an', 0, 54, '2019-06-24 04:45:04', '2019-06-24 04:45:04'),
(216, 'no article', 0, 54, '2019-06-24 04:45:04', '2019-06-24 04:45:04'),
(217, 'the', 1, 55, '2019-06-24 04:45:04', '2019-06-24 04:45:04'),
(218, 'a', 0, 55, '2019-06-24 04:45:04', '2019-06-24 04:45:04'),
(219, 'an', 0, 55, '2019-06-24 04:45:04', '2019-06-24 04:45:04'),
(220, 'no article', 0, 55, '2019-06-24 04:45:04', '2019-06-24 04:45:04'),
(221, 'the', 1, 56, '2019-06-24 04:45:04', '2019-06-24 04:45:04'),
(222, 'a', 0, 56, '2019-06-24 04:45:04', '2019-06-24 04:45:04'),
(223, 'an', 0, 56, '2019-06-24 04:45:04', '2019-06-24 04:45:04'),
(224, 'no article', 0, 56, '2019-06-24 04:45:04', '2019-06-24 04:45:04'),
(225, 'at', 0, 57, '2019-06-24 04:45:04', '2019-06-24 04:45:04'),
(226, 'over', 0, 57, '2019-06-24 04:45:04', '2019-06-24 04:45:04'),
(227, 'on', 1, 57, '2019-06-24 04:45:04', '2019-06-24 04:45:04'),
(228, 'in', 0, 57, '2019-06-24 04:45:04', '2019-06-24 04:45:04'),
(229, 'at', 0, 58, '2019-06-24 04:45:04', '2019-06-24 04:45:04'),
(230, 'over', 0, 58, '2019-06-24 04:45:04', '2019-06-24 04:45:04'),
(231, 'on', 1, 58, '2019-06-24 04:45:04', '2019-06-24 04:45:04'),
(232, 'between', 0, 58, '2019-06-24 04:45:04', '2019-06-24 04:45:04'),
(233, 'at', 0, 59, '2019-06-24 04:45:04', '2019-06-24 04:45:04'),
(234, 'over', 0, 59, '2019-06-24 04:45:04', '2019-06-24 04:45:04'),
(235, 'on', 1, 59, '2019-06-24 04:45:04', '2019-06-24 04:45:04'),
(236, 'opposite', 0, 59, '2019-06-24 04:45:04', '2019-06-24 04:45:04'),
(237, 'at', 1, 60, '2019-06-24 04:45:04', '2019-06-24 04:45:04'),
(238, 'in', 0, 60, '2019-06-24 04:45:04', '2019-06-24 04:45:04'),
(239, 'on', 0, 60, '2019-06-24 04:45:04', '2019-06-24 04:45:04'),
(240, 'into', 0, 60, '2019-06-24 04:45:04', '2019-06-24 04:45:04'),
(241, 'at', 0, 61, '2019-06-24 04:45:04', '2019-06-24 04:45:04'),
(242, 'in', 1, 61, '2019-06-24 04:45:04', '2019-06-24 04:45:04'),
(243, 'on', 0, 61, '2019-06-24 04:45:04', '2019-06-24 04:45:04'),
(244, 'over', 0, 61, '2019-06-24 04:45:04', '2019-06-24 04:45:04'),
(245, 'at', 1, 62, '2019-06-24 04:45:04', '2019-06-24 04:45:04'),
(246, 'in', 0, 62, '2019-06-24 04:45:04', '2019-06-24 04:45:04'),
(247, 'on', 0, 62, '2019-06-24 04:45:04', '2019-06-24 04:45:04'),
(248, 'over', 0, 62, '2019-06-24 04:45:04', '2019-06-24 04:45:04'),
(249, 'at', 0, 63, '2019-06-24 04:45:04', '2019-06-24 04:45:04'),
(250, 'over', 0, 63, '2019-06-24 04:45:04', '2019-06-24 04:45:04'),
(251, 'between', 1, 63, '2019-06-24 04:45:04', '2019-06-24 04:45:04'),
(252, 'in', 0, 63, '2019-06-24 04:45:04', '2019-06-24 04:45:04'),
(253, 'at', 0, 64, '2019-06-24 04:45:04', '2019-06-24 04:45:04'),
(254, 'over', 0, 64, '2019-06-24 04:45:04', '2019-06-24 04:45:04'),
(255, 'between', 0, 64, '2019-06-24 04:45:04', '2019-06-24 04:45:04'),
(256, 'opposite', 1, 64, '2019-06-24 04:45:04', '2019-06-24 04:45:04'),
(257, 'me', 0, 65, '2019-06-24 04:45:04', '2019-06-24 04:45:04'),
(258, 'my', 0, 65, '2019-06-24 04:45:04', '2019-06-24 04:45:04'),
(259, 'I', 0, 65, '2019-06-24 04:45:04', '2019-06-24 04:45:04'),
(260, 'mine', 1, 65, '2019-06-24 04:45:04', '2019-06-24 04:45:04'),
(261, 'mine / your', 0, 66, '2019-06-24 04:45:04', '2019-06-24 04:45:04'),
(262, 'mine / yours', 1, 66, '2019-06-24 04:45:04', '2019-06-24 04:45:04'),
(263, 'my / your', 0, 66, '2019-06-24 04:45:04', '2019-06-24 04:45:04'),
(264, 'yours / mine', 0, 66, '2019-06-24 04:45:04', '2019-06-24 04:45:04'),
(265, 'Mary\'s / Her', 1, 67, '2019-06-24 04:45:04', '2019-06-24 04:45:04'),
(266, 'Mary / Her', 0, 67, '2019-06-24 04:45:04', '2019-06-24 04:45:04'),
(267, 'Mary / Hers', 0, 67, '2019-06-24 04:45:04', '2019-06-24 04:45:04'),
(268, 'Mary\'s / She', 0, 67, '2019-06-24 04:45:04', '2019-06-24 04:45:04'),
(269, 'my / mine', 0, 68, '2019-06-24 04:45:04', '2019-06-24 04:45:04'),
(270, 'me / mine', 0, 68, '2019-06-24 04:45:04', '2019-06-24 04:45:04'),
(271, 'mine / my', 1, 68, '2019-06-24 04:45:04', '2019-06-24 04:45:04'),
(272, 'yours / my', 0, 68, '2019-06-24 04:45:04', '2019-06-24 04:45:04'),
(273, 'our / They', 1, 69, '2019-06-24 04:45:04', '2019-06-24 04:45:04'),
(274, 'our / Them', 0, 69, '2019-06-24 04:45:04', '2019-06-24 04:45:04'),
(275, 'our / Their', 0, 69, '2019-06-24 04:45:04', '2019-06-24 04:45:04'),
(276, 'ours / They', 0, 69, '2019-06-24 04:45:04', '2019-06-24 04:45:04'),
(277, 'hear', 0, 70, '2019-06-24 04:45:04', '2019-06-24 04:45:04'),
(278, 'listen', 1, 70, '2019-06-24 04:45:04', '2019-06-24 04:45:04'),
(279, 'work', 0, 70, '2019-06-24 04:45:04', '2019-06-24 04:45:04'),
(280, 'talk', 0, 70, '2019-06-24 04:45:04', '2019-06-24 04:45:04'),
(281, 'short', 1, 71, '2019-06-24 04:45:04', '2019-06-24 04:45:04'),
(282, 'thin', 0, 71, '2019-06-24 04:45:04', '2019-06-24 04:45:04'),
(283, 'tall', 0, 71, '2019-06-24 04:45:04', '2019-06-24 04:45:04'),
(284, 'fat', 0, 71, '2019-06-24 04:45:04', '2019-06-24 04:45:04'),
(285, 'her', 0, 72, '2019-06-24 04:45:04', '2019-06-24 04:45:04'),
(286, 'she', 0, 72, '2019-06-24 04:45:04', '2019-06-24 04:45:04'),
(287, 'hers', 1, 72, '2019-06-24 04:45:04', '2019-06-24 04:45:04'),
(288, 'your', 0, 72, '2019-06-24 04:45:04', '2019-06-24 04:45:04'),
(289, 'book', 0, 73, '2019-06-24 04:45:04', '2019-06-24 04:45:04'),
(290, 'Mr. Pike', 1, 73, '2019-06-24 04:45:04', '2019-06-24 04:45:04'),
(291, 'ruler', 0, 73, '2019-06-24 04:45:04', '2019-06-24 04:45:04'),
(292, 'me', 0, 73, '2019-06-24 04:45:04', '2019-06-24 04:45:04'),
(293, 'blue', 0, 74, '2019-06-24 04:45:04', '2019-06-24 04:45:04'),
(294, 'fine', 1, 74, '2019-06-24 04:45:04', '2019-06-24 04:45:04'),
(295, 'sad', 0, 74, '2019-06-24 04:45:04', '2019-06-24 04:45:04'),
(296, 'well', 0, 74, '2019-06-24 04:45:04', '2019-06-24 04:45:04'),
(297, 'eleven', 0, 75, '2019-06-24 04:45:04', '2019-06-24 04:45:04'),
(298, 'big', 0, 75, '2019-06-24 04:45:04', '2019-06-24 04:45:04'),
(299, 'well', 1, 75, '2019-06-24 04:45:04', '2019-06-24 04:45:04'),
(300, 'sad', 0, 75, '2019-06-24 04:45:04', '2019-06-24 04:45:04'),
(301, 'not', 0, 76, '2019-06-24 04:45:04', '2019-06-24 04:45:04'),
(302, 'both', 1, 76, '2019-06-24 04:45:04', '2019-06-24 04:45:04'),
(303, 'or', 0, 76, '2019-06-24 04:45:04', '2019-06-24 04:45:04'),
(304, 'and', 0, 76, '2019-06-24 04:45:04', '2019-06-24 04:45:04'),
(305, 'It / It\'s', 0, 77, '2019-06-24 04:45:04', '2019-06-24 04:45:04'),
(306, 'It / Its', 1, 77, '2019-06-24 04:45:04', '2019-06-24 04:45:04'),
(307, 'It\'s / Its', 0, 77, '2019-06-24 04:45:04', '2019-06-24 04:45:04'),
(308, 'It / It', 0, 77, '2019-06-24 04:45:04', '2019-06-24 04:45:04'),
(309, 'His / He\'s', 0, 78, '2019-06-24 04:45:04', '2019-06-24 04:45:04'),
(310, 'His / His', 0, 78, '2019-06-24 04:45:04', '2019-06-24 04:45:04'),
(311, 'He\'s / His', 0, 78, '2019-06-24 04:45:04', '2019-06-24 04:45:04'),
(312, 'His / He', 1, 78, '2019-06-24 04:45:04', '2019-06-24 04:45:04'),
(313, 'their / Theirs', 0, 79, '2019-06-24 04:45:04', '2019-06-24 04:45:04'),
(314, 'theirs / Them', 0, 79, '2019-06-24 04:45:04', '2019-06-24 04:45:04'),
(315, 'theirs / Their', 0, 79, '2019-06-24 04:45:04', '2019-06-24 04:45:04'),
(316, 'theirs / Theirs', 1, 79, '2019-06-24 04:45:04', '2019-06-24 04:45:04'),
(317, 'Our / Theirs', 1, 80, '2019-06-24 04:45:04', '2019-06-24 04:45:04'),
(318, 'Ours / Their', 0, 80, '2019-06-24 04:45:04', '2019-06-24 04:45:04'),
(319, 'Our / Their', 0, 80, '2019-06-24 04:45:04', '2019-06-24 04:45:04'),
(320, 'Ours / Theirs', 0, 80, '2019-06-24 04:45:04', '2019-06-24 04:45:04'),
(321, 'is', 0, 81, '2019-06-24 04:45:04', '2019-06-24 04:45:04'),
(322, 'are', 1, 81, '2019-06-24 04:45:04', '2019-06-24 04:45:04'),
(323, 'was', 0, 81, '2019-06-24 04:45:04', '2019-06-24 04:45:04'),
(324, 'were', 0, 81, '2019-06-24 04:45:04', '2019-06-24 04:45:04'),
(325, 'go', 1, 82, '2019-06-24 04:45:04', '2019-06-24 04:45:04'),
(326, 'going', 0, 82, '2019-06-24 04:45:04', '2019-06-24 04:45:04'),
(327, 'goes', 0, 82, '2019-06-24 04:45:04', '2019-06-24 04:45:04'),
(328, 'to go', 0, 82, '2019-06-24 04:45:04', '2019-06-24 04:45:04'),
(329, 'are doing', 1, 83, '2019-06-24 04:45:04', '2019-06-24 04:45:04'),
(330, 'is doing', 0, 83, '2019-06-24 04:45:05', '2019-06-24 04:45:05'),
(331, 'are going', 0, 83, '2019-06-24 04:45:05', '2019-06-24 04:45:05'),
(332, 'are going to do', 0, 83, '2019-06-24 04:45:05', '2019-06-24 04:45:05'),
(333, 'isn\'t', 1, 84, '2019-06-24 04:45:05', '2019-06-24 04:45:05'),
(334, 'are', 0, 84, '2019-06-24 04:45:05', '2019-06-24 04:45:05'),
(335, 'is', 0, 84, '2019-06-24 04:45:05', '2019-06-24 04:45:05'),
(336, 'aren\'t', 0, 84, '2019-06-24 04:45:05', '2019-06-24 04:45:05'),
(337, 'is / doing', 0, 85, '2019-06-24 04:45:05', '2019-06-24 04:45:05'),
(338, 'are / working', 0, 85, '2019-06-24 04:45:05', '2019-06-24 04:45:05'),
(339, 'are / doing', 1, 85, '2019-06-24 04:45:05', '2019-06-24 04:45:05'),
(340, 'is / working', 0, 85, '2019-06-24 04:45:05', '2019-06-24 04:45:05'),
(341, 'are', 1, 86, '2019-06-24 04:45:05', '2019-06-24 04:45:05'),
(342, 'is', 0, 86, '2019-06-24 04:45:05', '2019-06-24 04:45:05'),
(343, 'was', 0, 86, '2019-06-24 04:45:05', '2019-06-24 04:45:05'),
(344, 'were', 0, 86, '2019-06-24 04:45:05', '2019-06-24 04:45:05'),
(345, 'are', 0, 87, '2019-06-24 04:45:05', '2019-06-24 04:45:05'),
(346, 'is', 1, 87, '2019-06-24 04:45:05', '2019-06-24 04:45:05'),
(347, 'were', 0, 87, '2019-06-24 04:45:05', '2019-06-24 04:45:05'),
(348, 'was', 0, 87, '2019-06-24 04:45:05', '2019-06-24 04:45:05'),
(349, 'are', 0, 88, '2019-06-24 04:45:05', '2019-06-24 04:45:05'),
(350, 'is', 0, 88, '2019-06-24 04:45:05', '2019-06-24 04:45:05'),
(351, 'were', 0, 88, '2019-06-24 04:45:05', '2019-06-24 04:45:05'),
(352, 'was', 1, 88, '2019-06-24 04:45:05', '2019-06-24 04:45:05'),
(353, 'are', 1, 89, '2019-06-24 04:45:05', '2019-06-24 04:45:05'),
(354, 'is', 0, 89, '2019-06-24 04:45:05', '2019-06-24 04:45:05'),
(355, 'were', 0, 89, '2019-06-24 04:45:05', '2019-06-24 04:45:05'),
(356, 'was', 0, 89, '2019-06-24 04:45:05', '2019-06-24 04:45:05'),
(357, 'architect', 0, 90, '2019-06-24 04:45:05', '2019-06-24 04:45:05'),
(358, 'engineer', 0, 90, '2019-06-24 04:45:05', '2019-06-24 04:45:05'),
(359, 'student', 0, 90, '2019-06-24 04:45:05', '2019-06-24 04:45:05'),
(360, 'brothers', 1, 90, '2019-06-24 04:45:05', '2019-06-24 04:45:05'),
(361, 'color', 0, 91, '2019-06-24 04:45:05', '2019-06-24 04:45:05'),
(362, 'time', 1, 91, '2019-06-24 04:45:05', '2019-06-24 04:45:05'),
(363, 'name', 0, 91, '2019-06-24 04:45:05', '2019-06-24 04:45:05'),
(364, 'box', 0, 91, '2019-06-24 04:45:05', '2019-06-24 04:45:05'),
(365, 'clock', 0, 92, '2019-06-24 04:45:05', '2019-06-24 04:45:05'),
(366, 'maps', 0, 92, '2019-06-24 04:45:05', '2019-06-24 04:45:05'),
(367, 'lights', 1, 92, '2019-06-24 04:45:05', '2019-06-24 04:45:05'),
(368, 'picture', 0, 92, '2019-06-24 04:45:05', '2019-06-24 04:45:05'),
(369, 'desk', 1, 93, '2019-06-24 04:45:05', '2019-06-24 04:45:05'),
(370, 'wall', 0, 93, '2019-06-24 04:45:05', '2019-06-24 04:45:05'),
(371, 'chairs', 0, 93, '2019-06-24 04:45:05', '2019-06-24 04:45:05'),
(372, 'room', 0, 93, '2019-06-24 04:45:05', '2019-06-24 04:45:05'),
(373, 'singing', 0, 94, '2019-06-24 04:45:05', '2019-06-24 04:45:05'),
(374, 'reading', 1, 94, '2019-06-24 04:45:05', '2019-06-24 04:45:05'),
(375, 'teaching', 0, 94, '2019-06-24 04:45:05', '2019-06-24 04:45:05'),
(376, 'ringing', 0, 94, '2019-06-24 04:45:05', '2019-06-24 04:45:05'),
(377, 'bus', 0, 95, '2019-06-24 04:45:05', '2019-06-24 04:45:05'),
(378, 'blouse', 0, 95, '2019-06-24 04:45:05', '2019-06-24 04:45:05'),
(379, 'both', 0, 95, '2019-06-24 04:45:05', '2019-06-24 04:45:05'),
(380, 'brown', 1, 95, '2019-06-24 04:45:05', '2019-06-24 04:45:05'),
(381, 'shirt', 0, 96, '2019-06-24 04:45:05', '2019-06-24 04:45:05'),
(382, 'blouse', 0, 96, '2019-06-24 04:45:05', '2019-06-24 04:45:05'),
(383, 'trousers', 1, 96, '2019-06-24 04:45:05', '2019-06-24 04:45:05'),
(384, 'hat', 0, 96, '2019-06-24 04:45:05', '2019-06-24 04:45:05'),
(385, 'no', 1, 97, '2019-06-24 04:45:05', '2019-06-24 04:45:05'),
(386, 'not', 0, 97, '2019-06-24 04:45:05', '2019-06-24 04:45:05'),
(387, 'none', 0, 97, '2019-06-24 04:45:05', '2019-06-24 04:45:05'),
(388, 'no of', 0, 97, '2019-06-24 04:45:05', '2019-06-24 04:45:05'),
(389, 'hardly', 0, 98, '2019-06-24 04:45:05', '2019-06-24 04:45:05'),
(390, 'hard', 1, 98, '2019-06-24 04:45:05', '2019-06-24 04:45:05'),
(391, 'good', 0, 98, '2019-06-24 04:45:05', '2019-06-24 04:45:05'),
(392, 'many', 0, 98, '2019-06-24 04:45:05', '2019-06-24 04:45:05'),
(393, 'us', 0, 99, '2019-06-24 04:45:05', '2019-06-24 04:45:05'),
(394, 'we', 1, 99, '2019-06-24 04:45:05', '2019-06-24 04:45:05'),
(395, 'you', 0, 99, '2019-06-24 04:45:05', '2019-06-24 04:45:05'),
(396, 'me', 0, 99, '2019-06-24 04:45:05', '2019-06-24 04:45:05'),
(397, 'over', 0, 100, '2019-06-24 04:45:05', '2019-06-24 04:45:05'),
(398, 'pass', 0, 100, '2019-06-24 04:45:05', '2019-06-24 04:45:05'),
(399, 'past', 1, 100, '2019-06-24 04:45:05', '2019-06-24 04:45:05'),
(400, 'on', 0, 100, '2019-06-24 04:45:05', '2019-06-24 04:45:05'),
(401, 'be taking', 0, 101, '2019-06-24 04:46:44', '2019-06-24 04:46:44'),
(402, 'takes', 0, 101, '2019-06-24 04:46:44', '2019-06-24 04:46:44'),
(403, 'take', 0, 101, '2019-06-24 04:46:44', '2019-06-24 04:46:44'),
(404, 'taken', 1, 101, '2019-06-24 04:46:44', '2019-06-24 04:46:44'),
(405, 'break off', 1, 102, '2019-06-24 04:46:44', '2019-06-24 04:46:44'),
(406, 'hurry', 0, 102, '2019-06-24 04:46:44', '2019-06-24 04:46:44'),
(407, 'continue', 0, 102, '2019-06-24 04:46:44', '2019-06-24 04:46:44'),
(408, 'begin', 0, 102, '2019-06-24 04:46:44', '2019-06-24 04:46:44'),
(409, 'because of', 1, 103, '2019-06-24 04:46:44', '2019-06-24 04:46:44'),
(410, 'because', 0, 103, '2019-06-24 04:46:44', '2019-06-24 04:46:44'),
(411, 'although', 0, 103, '2019-06-24 04:46:44', '2019-06-24 04:46:44'),
(412, 'as', 0, 103, '2019-06-24 04:46:44', '2019-06-24 04:46:44'),
(413, 'will be flying', 1, 104, '2019-06-24 04:46:44', '2019-06-24 04:46:44'),
(414, 'will fly', 0, 104, '2019-06-24 04:46:44', '2019-06-24 04:46:44'),
(415, 'are flying', 0, 104, '2019-06-24 04:46:44', '2019-06-24 04:46:44'),
(416, 'have flown', 0, 104, '2019-06-24 04:46:44', '2019-06-24 04:46:44'),
(417, 'comparing', 0, 105, '2019-06-24 04:46:44', '2019-06-24 04:46:44'),
(418, 'compares', 0, 105, '2019-06-24 04:46:44', '2019-06-24 04:46:44'),
(419, 'compared', 0, 105, '2019-06-24 04:46:44', '2019-06-24 04:46:44'),
(420, 'compare', 1, 105, '2019-06-24 04:46:44', '2019-06-24 04:46:44'),
(421, 'this', 0, 106, '2019-06-24 04:46:44', '2019-06-24 04:46:44'),
(422, 'a', 0, 106, '2019-06-24 04:46:44', '2019-06-24 04:46:44'),
(423, 'no word is needed', 1, 106, '2019-06-24 04:46:44', '2019-06-24 04:46:44'),
(424, 'the', 0, 106, '2019-06-24 04:46:44', '2019-06-24 04:46:44'),
(425, 'had', 0, 107, '2019-06-24 04:46:44', '2019-06-24 04:46:44'),
(426, 'has', 0, 107, '2019-06-24 04:46:44', '2019-06-24 04:46:44'),
(427, 'is having', 0, 107, '2019-06-24 04:46:44', '2019-06-24 04:46:44'),
(428, 'have', 1, 107, '2019-06-24 04:46:44', '2019-06-24 04:46:44'),
(429, 'to meet', 0, 108, '2019-06-24 04:46:44', '2019-06-24 04:46:44'),
(430, 'meeting', 0, 108, '2019-06-24 04:46:44', '2019-06-24 04:46:44'),
(431, 'to collect', 0, 108, '2019-06-24 04:46:44', '2019-06-24 04:46:44'),
(432, 'collecting', 1, 108, '2019-06-24 04:46:44', '2019-06-24 04:46:44'),
(433, 'be', 0, 109, '2019-06-24 04:46:44', '2019-06-24 04:46:44'),
(434, 'would be', 0, 109, '2019-06-24 04:46:44', '2019-06-24 04:46:44'),
(435, 'being', 0, 109, '2019-06-24 04:46:44', '2019-06-24 04:46:44'),
(436, 'is', 1, 109, '2019-06-24 04:46:44', '2019-06-24 04:46:44'),
(437, 'sorry', 0, 110, '2019-06-24 04:46:44', '2019-06-24 04:46:44'),
(438, 'regret', 1, 110, '2019-06-24 04:46:44', '2019-06-24 04:46:44'),
(439, 'confuse', 0, 110, '2019-06-24 04:46:44', '2019-06-24 04:46:44'),
(440, 'worry', 0, 110, '2019-06-24 04:46:44', '2019-06-24 04:46:44'),
(441, 'had been', 0, 111, '2019-06-24 04:46:44', '2019-06-24 04:46:44'),
(442, 'am being', 0, 111, '2019-06-24 04:46:44', '2019-06-24 04:46:44'),
(443, 'be', 0, 111, '2019-06-24 04:46:44', '2019-06-24 04:46:44'),
(444, 'will be', 1, 111, '2019-06-24 04:46:44', '2019-06-24 04:46:44'),
(445, 'conquered', 0, 112, '2019-06-24 04:46:44', '2019-06-24 04:46:44'),
(446, 'won', 0, 112, '2019-06-24 04:46:44', '2019-06-24 04:46:44'),
(447, 'beaten', 1, 112, '2019-06-24 04:46:44', '2019-06-24 04:46:44'),
(448, 'destroyed', 0, 112, '2019-06-24 04:46:44', '2019-06-24 04:46:44'),
(449, 'spoke', 0, 113, '2019-06-24 04:46:44', '2019-06-24 04:46:44'),
(450, 'speak', 1, 113, '2019-06-24 04:46:44', '2019-06-24 04:46:44'),
(451, 'speaking', 0, 113, '2019-06-24 04:46:44', '2019-06-24 04:46:44'),
(452, 'to speak', 0, 113, '2019-06-24 04:46:44', '2019-06-24 04:46:44'),
(453, 'think', 0, 114, '2019-06-24 04:46:44', '2019-06-24 04:46:44'),
(454, 'suppose', 0, 114, '2019-06-24 04:46:44', '2019-06-24 04:46:44'),
(455, 'wonder', 1, 114, '2019-06-24 04:46:44', '2019-06-24 04:46:44'),
(456, 'demand', 0, 114, '2019-06-24 04:46:44', '2019-06-24 04:46:44'),
(457, 'give', 1, 115, '2019-06-24 04:46:44', '2019-06-24 04:46:44'),
(458, 'gave', 0, 115, '2019-06-24 04:46:44', '2019-06-24 04:46:44'),
(459, 'to give', 0, 115, '2019-06-24 04:46:44', '2019-06-24 04:46:44'),
(460, 'had given', 0, 115, '2019-06-24 04:46:44', '2019-06-24 04:46:44'),
(461, 'look', 0, 116, '2019-06-24 04:46:44', '2019-06-24 04:46:44'),
(462, 'face', 1, 116, '2019-06-24 04:46:44', '2019-06-24 04:46:44'),
(463, 'stare', 0, 116, '2019-06-24 04:46:44', '2019-06-24 04:46:44'),
(464, 'head', 0, 116, '2019-06-24 04:46:44', '2019-06-24 04:46:44'),
(465, 'travel', 0, 117, '2019-06-24 04:46:44', '2019-06-24 04:46:44'),
(466, 'travelling', 1, 117, '2019-06-24 04:46:44', '2019-06-24 04:46:44'),
(467, 'to travel', 0, 117, '2019-06-24 04:46:44', '2019-06-24 04:46:44'),
(468, 'travels', 0, 117, '2019-06-24 04:46:44', '2019-06-24 04:46:44'),
(469, 'attention', 1, 118, '2019-06-24 04:46:44', '2019-06-24 04:46:44'),
(470, 'notice', 0, 118, '2019-06-24 04:46:44', '2019-06-24 04:46:44'),
(471, 'recognition', 0, 118, '2019-06-24 04:46:44', '2019-06-24 04:46:44'),
(472, 'eyesight', 0, 118, '2019-06-24 04:46:44', '2019-06-24 04:46:44'),
(473, 'locking', 0, 119, '2019-06-24 04:46:44', '2019-06-24 04:46:44'),
(474, 'to lock', 1, 119, '2019-06-24 04:46:44', '2019-06-24 04:46:44'),
(475, 'locked', 0, 119, '2019-06-24 04:46:44', '2019-06-24 04:46:44'),
(476, 'not locking', 0, 119, '2019-06-24 04:46:44', '2019-06-24 04:46:44'),
(477, 'familiar', 0, 120, '2019-06-24 04:46:44', '2019-06-24 04:46:44'),
(478, 'Considerate', 0, 120, '2019-06-24 04:46:44', '2019-06-24 04:46:44'),
(479, 'popular', 1, 120, '2019-06-24 04:46:44', '2019-06-24 04:46:44'),
(480, 'attractive', 0, 120, '2019-06-24 04:46:44', '2019-06-24 04:46:44'),
(481, 'knowing', 0, 121, '2019-06-24 04:46:44', '2019-06-24 04:46:44'),
(482, 'to know', 1, 121, '2019-06-24 04:46:44', '2019-06-24 04:46:44'),
(483, 'know', 0, 121, '2019-06-24 04:46:44', '2019-06-24 04:46:44'),
(484, 'knew', 0, 121, '2019-06-24 04:46:44', '2019-06-24 04:46:44'),
(485, 'encouraged', 1, 122, '2019-06-24 04:46:44', '2019-06-24 04:46:44'),
(486, 'insisted', 0, 122, '2019-06-24 04:46:44', '2019-06-24 04:46:44'),
(487, 'made', 0, 122, '2019-06-24 04:46:44', '2019-06-24 04:46:44'),
(488, 'persisted', 0, 122, '2019-06-24 04:46:44', '2019-06-24 04:46:44'),
(489, 'will be', 0, 123, '2019-06-24 04:46:44', '2019-06-24 04:46:44'),
(490, 'would be', 1, 123, '2019-06-24 04:46:44', '2019-06-24 04:46:44'),
(491, 'are', 0, 123, '2019-06-24 04:46:44', '2019-06-24 04:46:44'),
(492, 'would have been', 0, 123, '2019-06-24 04:46:44', '2019-06-24 04:46:44'),
(493, 'Wherever', 0, 124, '2019-06-24 04:46:44', '2019-06-24 04:46:44'),
(494, 'However', 0, 124, '2019-06-24 04:46:44', '2019-06-24 04:46:44'),
(495, 'Whatever', 1, 124, '2019-06-24 04:46:44', '2019-06-24 04:46:44'),
(496, 'Whenever', 0, 124, '2019-06-24 04:46:44', '2019-06-24 04:46:44'),
(497, 'knows', 0, 125, '2019-06-24 04:46:44', '2019-06-24 04:46:44'),
(498, 'had known', 0, 125, '2019-06-24 04:46:44', '2019-06-24 04:46:44'),
(499, 'knew', 1, 125, '2019-06-24 04:46:44', '2019-06-24 04:46:44'),
(500, 'not know', 0, 125, '2019-06-24 04:46:44', '2019-06-24 04:46:44'),
(501, 'as', 0, 126, '2019-06-24 04:46:44', '2019-06-24 04:46:44'),
(502, 'like', 0, 126, '2019-06-24 04:46:44', '2019-06-24 04:46:44'),
(503, 'as if', 1, 126, '2019-06-24 04:46:44', '2019-06-24 04:46:44'),
(504, 'whether', 0, 126, '2019-06-24 04:46:44', '2019-06-24 04:46:44'),
(505, 'to come', 1, 127, '2019-06-24 04:46:44', '2019-06-24 04:46:44'),
(506, 'to coming', 0, 127, '2019-06-24 04:46:44', '2019-06-24 04:46:44'),
(507, 'coming', 0, 127, '2019-06-24 04:46:44', '2019-06-24 04:46:44'),
(508, 'came', 0, 127, '2019-06-24 04:46:44', '2019-06-24 04:46:44'),
(509, 'always', 0, 128, '2019-06-24 04:46:44', '2019-06-24 04:46:44'),
(510, 'ever', 1, 128, '2019-06-24 04:46:44', '2019-06-24 04:46:44'),
(511, 'fairly', 0, 128, '2019-06-24 04:46:44', '2019-06-24 04:46:44'),
(512, 'already', 0, 128, '2019-06-24 04:46:44', '2019-06-24 04:46:44'),
(513, 'do', 0, 129, '2019-06-24 04:46:44', '2019-06-24 04:46:44'),
(514, 'done', 0, 129, '2019-06-24 04:46:44', '2019-06-24 04:46:44'),
(515, 'being done', 0, 129, '2019-06-24 04:46:44', '2019-06-24 04:46:44'),
(516, 'be done', 1, 129, '2019-06-24 04:46:44', '2019-06-24 04:46:44'),
(517, 'mustn’t', 0, 130, '2019-06-24 04:46:44', '2019-06-24 04:46:44'),
(518, 'shouldn’t', 0, 130, '2019-06-24 04:46:44', '2019-06-24 04:46:44'),
(519, 'can\'t', 1, 130, '2019-06-24 04:46:44', '2019-06-24 04:46:44'),
(520, 'needn’t', 0, 130, '2019-06-24 04:46:44', '2019-06-24 04:46:44'),
(521, 'practised', 1, 131, '2019-06-24 04:46:44', '2019-06-24 04:46:44'),
(522, 'practises', 0, 131, '2019-06-24 04:46:44', '2019-06-24 04:46:44'),
(523, 'practising', 0, 131, '2019-06-24 04:46:44', '2019-06-24 04:46:44'),
(524, 'practice', 0, 131, '2019-06-24 04:46:44', '2019-06-24 04:46:44'),
(525, 'up against', 0, 132, '2019-06-24 04:46:44', '2019-06-24 04:46:44'),
(526, 'in on', 1, 132, '2019-06-24 04:46:44', '2019-06-24 04:46:44'),
(527, 'round to', 0, 132, '2019-06-24 04:46:44', '2019-06-24 04:46:44'),
(528, 'up with', 0, 132, '2019-06-24 04:46:44', '2019-06-24 04:46:44'),
(529, 'see', 0, 133, '2019-06-24 04:46:44', '2019-06-24 04:46:44'),
(530, 'saw', 1, 133, '2019-06-24 04:46:44', '2019-06-24 04:46:44'),
(531, 'had seen', 0, 133, '2019-06-24 04:46:44', '2019-06-24 04:46:44'),
(532, 'seen', 0, 133, '2019-06-24 04:46:44', '2019-06-24 04:46:44'),
(533, 'forget', 0, 134, '2019-06-24 04:46:44', '2019-06-24 04:46:44'),
(534, 'detest', 0, 134, '2019-06-24 04:46:44', '2019-06-24 04:46:44'),
(535, 'resent', 0, 134, '2019-06-24 04:46:44', '2019-06-24 04:46:44'),
(536, 'regret', 1, 134, '2019-06-24 04:46:44', '2019-06-24 04:46:44'),
(537, 'doesn\'t finish', 0, 135, '2019-06-24 04:46:44', '2019-06-24 04:46:44'),
(538, 'hasn\'t finished', 1, 135, '2019-06-24 04:46:44', '2019-06-24 04:46:44'),
(539, 'didn\'t finish', 0, 135, '2019-06-24 04:46:44', '2019-06-24 04:46:44'),
(540, 'not finish', 0, 135, '2019-06-24 04:46:44', '2019-06-24 04:46:44'),
(541, 'harmful', 0, 136, '2019-06-24 04:46:44', '2019-06-24 04:46:44'),
(542, 'pitiful', 1, 136, '2019-06-24 04:46:44', '2019-06-24 04:46:44'),
(543, 'careless', 0, 136, '2019-06-24 04:46:44', '2019-06-24 04:46:44'),
(544, 'blameless', 0, 136, '2019-06-24 04:46:44', '2019-06-24 04:46:44'),
(545, 'should', 0, 137, '2019-06-24 04:46:44', '2019-06-24 04:46:44'),
(546, 'have to', 0, 137, '2019-06-24 04:46:44', '2019-06-24 04:46:44'),
(547, 'had', 1, 137, '2019-06-24 04:46:44', '2019-06-24 04:46:44'),
(548, 'have', 0, 137, '2019-06-24 04:46:44', '2019-06-24 04:46:44'),
(549, 'have risen', 1, 138, '2019-06-24 04:46:44', '2019-06-24 04:46:44'),
(550, 'rose', 0, 138, '2019-06-24 04:46:44', '2019-06-24 04:46:44'),
(551, 'rise', 0, 138, '2019-06-24 04:46:44', '2019-06-24 04:46:44'),
(552, 'had risen', 0, 138, '2019-06-24 04:46:44', '2019-06-24 04:46:44'),
(553, 'come', 1, 139, '2019-06-24 04:46:44', '2019-06-24 04:46:44'),
(554, 'coming', 0, 139, '2019-06-24 04:46:44', '2019-06-24 04:46:44'),
(555, 'came', 0, 139, '2019-06-24 04:46:44', '2019-06-24 04:46:44'),
(556, 'to come', 0, 139, '2019-06-24 04:46:44', '2019-06-24 04:46:44'),
(557, 'spoke', 0, 140, '2019-06-24 04:46:44', '2019-06-24 04:46:44'),
(558, 'have spoken', 0, 140, '2019-06-24 04:46:44', '2019-06-24 04:46:44'),
(559, 'had spoken', 1, 140, '2019-06-24 04:46:44', '2019-06-24 04:46:44'),
(560, 'would have spoken', 0, 140, '2019-06-24 04:46:44', '2019-06-24 04:46:44'),
(561, 'didn\'t buy', 0, 141, '2019-06-24 04:46:44', '2019-06-24 04:46:44'),
(562, 'wouldn\'t buy', 0, 141, '2019-06-24 04:46:44', '2019-06-24 04:46:44'),
(563, 'hadn\'t bought', 1, 141, '2019-06-24 04:46:44', '2019-06-24 04:46:44'),
(564, 'doesn\'t buy', 0, 141, '2019-06-24 04:46:44', '2019-06-24 04:46:44'),
(565, 'other', 0, 142, '2019-06-24 04:46:44', '2019-06-24 04:46:44'),
(566, 'but', 1, 142, '2019-06-24 04:46:44', '2019-06-24 04:46:44'),
(567, 'otherwise', 0, 142, '2019-06-24 04:46:44', '2019-06-24 04:46:44'),
(568, 'than', 0, 142, '2019-06-24 04:46:44', '2019-06-24 04:46:44'),
(569, 'to study', 0, 143, '2019-06-24 04:46:44', '2019-06-24 04:46:44'),
(570, 'study', 1, 143, '2019-06-24 04:46:44', '2019-06-24 04:46:44'),
(571, 'studying', 0, 143, '2019-06-24 04:46:44', '2019-06-24 04:46:44'),
(572, 'studied', 0, 143, '2019-06-24 04:46:44', '2019-06-24 04:46:44'),
(573, 'As far as', 0, 144, '2019-06-24 04:46:44', '2019-06-24 04:46:44'),
(574, 'To', 0, 144, '2019-06-24 04:46:44', '2019-06-24 04:46:44'),
(575, 'According', 0, 144, '2019-06-24 04:46:44', '2019-06-24 04:46:44'),
(576, 'In', 1, 144, '2019-06-24 04:46:44', '2019-06-24 04:46:44'),
(577, 'going', 0, 145, '2019-06-24 04:46:44', '2019-06-24 04:46:44'),
(578, 'went', 0, 145, '2019-06-24 04:46:44', '2019-06-24 04:46:44'),
(579, 'have gone', 0, 145, '2019-06-24 04:46:44', '2019-06-24 04:46:44'),
(580, 'go', 1, 145, '2019-06-24 04:46:44', '2019-06-24 04:46:44'),
(581, 'fallen', 0, 146, '2019-06-24 04:46:44', '2019-06-24 04:46:44'),
(582, 'taken', 1, 146, '2019-06-24 04:46:44', '2019-06-24 04:46:44'),
(583, 'got', 0, 146, '2019-06-24 04:46:44', '2019-06-24 04:46:44'),
(584, 'become', 0, 146, '2019-06-24 04:46:44', '2019-06-24 04:46:44'),
(585, 'with', 0, 147, '2019-06-24 04:46:44', '2019-06-24 04:46:44'),
(586, 'to', 1, 147, '2019-06-24 04:46:44', '2019-06-24 04:46:44'),
(587, 'for', 0, 147, '2019-06-24 04:46:44', '2019-06-24 04:46:44'),
(588, 'in', 0, 147, '2019-06-24 04:46:44', '2019-06-24 04:46:44'),
(589, 'on', 1, 148, '2019-06-24 04:46:44', '2019-06-24 04:46:44'),
(590, 'out of', 0, 148, '2019-06-24 04:46:44', '2019-06-24 04:46:44'),
(591, 'in', 0, 148, '2019-06-24 04:46:44', '2019-06-24 04:46:44'),
(592, 'towards', 0, 148, '2019-06-24 04:46:44', '2019-06-24 04:46:44'),
(593, 'came', 0, 149, '2019-06-24 04:46:44', '2019-06-24 04:46:44'),
(594, 'to come', 0, 149, '2019-06-24 04:46:44', '2019-06-24 04:46:44'),
(595, 'come', 1, 149, '2019-06-24 04:46:44', '2019-06-24 04:46:44'),
(596, 'coming', 0, 149, '2019-06-24 04:46:44', '2019-06-24 04:46:44'),
(597, 'anxious', 0, 150, '2019-06-24 04:46:44', '2019-06-24 04:46:44'),
(598, 'mad', 0, 150, '2019-06-24 04:46:44', '2019-06-24 04:46:44'),
(599, 'concerned', 0, 150, '2019-06-24 04:46:44', '2019-06-24 04:46:44'),
(600, 'delighted', 1, 150, '2019-06-24 04:46:44', '2019-06-24 04:46:44'),
(601, 'attended', 0, 151, '2019-06-24 04:46:44', '2019-06-24 04:46:44'),
(602, 'attends', 0, 151, '2019-06-24 04:46:44', '2019-06-24 04:46:44'),
(603, 'to attend', 0, 151, '2019-06-24 04:46:44', '2019-06-24 04:46:44'),
(604, 'attend', 1, 151, '2019-06-24 04:46:44', '2019-06-24 04:46:44'),
(605, 'is standing / to wait', 0, 152, '2019-06-24 04:46:44', '2019-06-24 04:46:44'),
(606, 'stand / to wait', 0, 152, '2019-06-24 04:46:44', '2019-06-24 04:46:44'),
(607, 'are standing / to wait', 1, 152, '2019-06-24 04:46:44', '2019-06-24 04:46:44'),
(608, 'is standing / waiting', 0, 152, '2019-06-24 04:46:44', '2019-06-24 04:46:44'),
(609, 'fluent', 0, 153, '2019-06-24 04:46:44', '2019-06-24 04:46:44'),
(610, 'fluently', 1, 153, '2019-06-24 04:46:44', '2019-06-24 04:46:44'),
(611, 'fluency', 0, 153, '2019-06-24 04:46:44', '2019-06-24 04:46:44'),
(612, 'fluencyly', 0, 153, '2019-06-24 04:46:44', '2019-06-24 04:46:44'),
(613, 'did', 0, 154, '2019-06-24 04:46:44', '2019-06-24 04:46:44'),
(614, 'had', 0, 154, '2019-06-24 04:46:44', '2019-06-24 04:46:44'),
(615, 'made', 0, 154, '2019-06-24 04:46:44', '2019-06-24 04:46:44'),
(616, 'gave', 1, 154, '2019-06-24 04:46:44', '2019-06-24 04:46:44'),
(617, 'so high as', 0, 155, '2019-06-24 04:46:44', '2019-06-24 04:46:44'),
(618, 'as high to', 0, 155, '2019-06-24 04:46:44', '2019-06-24 04:46:44'),
(619, 'as high as', 1, 155, '2019-06-24 04:46:44', '2019-06-24 04:46:44'),
(620, 'as high than', 0, 155, '2019-06-24 04:46:44', '2019-06-24 04:46:44'),
(621, 'neglected', 0, 156, '2019-06-24 04:46:44', '2019-06-24 04:46:44'),
(622, 'mistook', 1, 156, '2019-06-24 04:46:44', '2019-06-24 04:46:44'),
(623, 'thought', 0, 156, '2019-06-24 04:46:44', '2019-06-24 04:46:44'),
(624, 'mislaid', 0, 156, '2019-06-24 04:46:44', '2019-06-24 04:46:44'),
(625, 'that', 0, 157, '2019-06-24 04:46:44', '2019-06-24 04:46:44'),
(626, 'what', 1, 157, '2019-06-24 04:46:44', '2019-06-24 04:46:44'),
(627, 'who', 0, 157, '2019-06-24 04:46:44', '2019-06-24 04:46:44'),
(628, 'which', 0, 157, '2019-06-24 04:46:44', '2019-06-24 04:46:44'),
(629, 'firm', 0, 158, '2019-06-24 04:46:44', '2019-06-24 04:46:44'),
(630, 'solid', 0, 158, '2019-06-24 04:46:44', '2019-06-24 04:46:44'),
(631, 'steady', 1, 158, '2019-06-24 04:46:44', '2019-06-24 04:46:44'),
(632, 'rigid', 0, 158, '2019-06-24 04:46:44', '2019-06-24 04:46:44'),
(633, 'hadn\'t you', 1, 159, '2019-06-24 04:46:44', '2019-06-24 04:46:44'),
(634, 'had you', 0, 159, '2019-06-24 04:46:44', '2019-06-24 04:46:44'),
(635, 'wouldn\'t you', 0, 159, '2019-06-24 04:46:44', '2019-06-24 04:46:44'),
(636, 'didn\'t you', 0, 159, '2019-06-24 04:46:44', '2019-06-24 04:46:44'),
(637, 'foretold', 0, 160, '2019-06-24 04:46:44', '2019-06-24 04:46:44'),
(638, 'forecast', 1, 160, '2019-06-24 04:46:44', '2019-06-24 04:46:44'),
(639, 'foresaw', 0, 160, '2019-06-24 04:46:44', '2019-06-24 04:46:44'),
(640, 'forewarned', 0, 160, '2019-06-24 04:46:44', '2019-06-24 04:46:44'),
(641, 'rode', 0, 161, '2019-06-24 04:46:44', '2019-06-24 04:46:44'),
(642, 'ridden', 0, 161, '2019-06-24 04:46:44', '2019-06-24 04:46:44'),
(643, 'ride', 0, 161, '2019-06-24 04:46:44', '2019-06-24 04:46:44'),
(644, 'riding', 1, 161, '2019-06-24 04:46:44', '2019-06-24 04:46:44'),
(645, 'follow', 1, 162, '2019-06-24 04:46:44', '2019-06-24 04:46:44'),
(646, 'take', 0, 162, '2019-06-24 04:46:44', '2019-06-24 04:46:44'),
(647, 'guide', 0, 162, '2019-06-24 04:46:44', '2019-06-24 04:46:44'),
(648, 'keep', 0, 162, '2019-06-24 04:46:44', '2019-06-24 04:46:44'),
(649, 'who', 0, 163, '2019-06-24 04:46:44', '2019-06-24 04:46:44'),
(650, 'which', 1, 163, '2019-06-24 04:46:44', '2019-06-24 04:46:44'),
(651, 'when', 0, 163, '2019-06-24 04:46:44', '2019-06-24 04:46:44'),
(652, 'what', 0, 163, '2019-06-24 04:46:44', '2019-06-24 04:46:44'),
(653, 'was because', 0, 164, '2019-06-24 04:46:44', '2019-06-24 04:46:44'),
(654, 'was that', 1, 164, '2019-06-24 04:46:44', '2019-06-24 04:46:44'),
(655, 'were because', 0, 164, '2019-06-24 04:46:44', '2019-06-24 04:46:44'),
(656, 'were that', 0, 164, '2019-06-24 04:46:44', '2019-06-24 04:46:44'),
(657, 'syllabus', 1, 165, '2019-06-24 04:46:44', '2019-06-24 04:46:44'),
(658, 'study', 0, 165, '2019-06-24 04:46:44', '2019-06-24 04:46:44'),
(659, 'plan', 0, 165, '2019-06-24 04:46:44', '2019-06-24 04:46:44'),
(660, 'timetable', 0, 165, '2019-06-24 04:46:44', '2019-06-24 04:46:44'),
(661, 'will / reminding', 0, 166, '2019-06-24 04:46:44', '2019-06-24 04:46:44'),
(662, 'will / to remind', 0, 166, '2019-06-24 04:46:44', '2019-06-24 04:46:44'),
(663, 'would / reminding', 1, 166, '2019-06-24 04:46:44', '2019-06-24 04:46:44'),
(664, 'would / to remind', 0, 166, '2019-06-24 04:46:44', '2019-06-24 04:46:44'),
(665, 'whom', 1, 167, '2019-06-24 04:46:44', '2019-06-24 04:46:44'),
(666, 'what', 0, 167, '2019-06-24 04:46:44', '2019-06-24 04:46:44'),
(667, 'which', 0, 167, '2019-06-24 04:46:44', '2019-06-24 04:46:44'),
(668, 'whose', 0, 167, '2019-06-24 04:46:44', '2019-06-24 04:46:44'),
(669, 'had left / was informed', 0, 168, '2019-06-24 04:46:44', '2019-06-24 04:46:44'),
(670, 'had left / had been informed', 0, 168, '2019-06-24 04:46:44', '2019-06-24 04:46:44'),
(671, 'leaves / has been informed', 0, 168, '2019-06-24 04:46:44', '2019-06-24 04:46:44'),
(672, 'left / was informed', 1, 168, '2019-06-24 04:46:44', '2019-06-24 04:46:44'),
(673, 'would come', 0, 169, '2019-06-24 04:46:44', '2019-06-24 04:46:44'),
(674, 'will come', 0, 169, '2019-06-24 04:46:44', '2019-06-24 04:46:44'),
(675, 'had come', 0, 169, '2019-06-24 04:46:44', '2019-06-24 04:46:44'),
(676, 'comes', 1, 169, '2019-06-24 04:46:44', '2019-06-24 04:46:44'),
(677, 'for our chairman', 0, 170, '2019-06-24 04:46:44', '2019-06-24 04:46:44'),
(678, 'be our chairman', 0, 170, '2019-06-24 04:46:44', '2019-06-24 04:46:44'),
(679, 'being our chairman', 0, 170, '2019-06-24 04:46:44', '2019-06-24 04:46:44'),
(680, 'our chairman', 1, 170, '2019-06-24 04:46:44', '2019-06-24 04:46:44'),
(681, 'who', 0, 171, '2019-06-24 04:46:44', '2019-06-24 04:46:44'),
(682, 'when', 0, 171, '2019-06-24 04:46:44', '2019-06-24 04:46:44'),
(683, 'that', 1, 171, '2019-06-24 04:46:44', '2019-06-24 04:46:44'),
(684, 'where', 0, 171, '2019-06-24 04:46:44', '2019-06-24 04:46:44'),
(685, 'Seen and left / be', 0, 172, '2019-06-24 04:46:44', '2019-06-24 04:46:44'),
(686, 'To be seen leaving / to be', 0, 172, '2019-06-24 04:46:44', '2019-06-24 04:46:44'),
(687, 'Seen leaving / to be', 1, 172, '2019-06-24 04:46:44', '2019-06-24 04:46:44'),
(688, 'He seen and left / to be', 0, 172, '2019-06-24 04:46:44', '2019-06-24 04:46:44'),
(689, 'so that', 0, 173, '2019-06-24 04:46:44', '2019-06-24 04:46:44'),
(690, 'so as', 0, 173, '2019-06-24 04:46:44', '2019-06-24 04:46:44'),
(691, 'in order that', 0, 173, '2019-06-24 04:46:44', '2019-06-24 04:46:44'),
(692, 'so as to', 1, 173, '2019-06-24 04:46:44', '2019-06-24 04:46:44'),
(693, 'is not sound', 0, 174, '2019-06-24 04:46:44', '2019-06-24 04:46:44'),
(694, 'does not sound', 1, 174, '2019-06-24 04:46:44', '2019-06-24 04:46:44'),
(695, 'is not sounded', 0, 174, '2019-06-24 04:46:44', '2019-06-24 04:46:44'),
(696, 'is not sounding', 0, 174, '2019-06-24 04:46:44', '2019-06-24 04:46:44'),
(697, 'where', 0, 175, '2019-06-24 04:46:44', '2019-06-24 04:46:44'),
(698, 'what', 0, 175, '2019-06-24 04:46:44', '2019-06-24 04:46:44'),
(699, 'when', 0, 175, '2019-06-24 04:46:44', '2019-06-24 04:46:44'),
(700, 'which', 1, 175, '2019-06-24 04:46:44', '2019-06-24 04:46:44'),
(701, 'fish', 0, 176, '2019-06-24 04:46:44', '2019-06-24 04:46:44'),
(702, 'fishing', 1, 176, '2019-06-24 04:46:44', '2019-06-24 04:46:44'),
(703, 'to fish', 0, 176, '2019-06-24 04:46:45', '2019-06-24 04:46:45'),
(704, 'being to fish', 0, 176, '2019-06-24 04:46:45', '2019-06-24 04:46:45'),
(705, 'ten', 0, 177, '2019-06-24 04:46:45', '2019-06-24 04:46:45'),
(706, 'twelve', 0, 177, '2019-06-24 04:46:45', '2019-06-24 04:46:45'),
(707, 'forty', 0, 177, '2019-06-24 04:46:45', '2019-06-24 04:46:45'),
(708, 'fourteen', 1, 177, '2019-06-24 04:46:45', '2019-06-24 04:46:45'),
(709, 'injured', 0, 178, '2019-06-24 04:46:45', '2019-06-24 04:46:45'),
(710, 'was injured', 1, 178, '2019-06-24 04:46:45', '2019-06-24 04:46:45'),
(711, 'In so doing', 0, 178, '2019-06-24 04:46:45', '2019-06-24 04:46:45'),
(712, 'Doing so', 0, 178, '2019-06-24 04:46:45', '2019-06-24 04:46:45'),
(713, 'much', 0, 179, '2019-06-24 04:46:45', '2019-06-24 04:46:45'),
(714, 'one', 0, 179, '2019-06-24 04:46:45', '2019-06-24 04:46:45'),
(715, 'many', 1, 179, '2019-06-24 04:46:45', '2019-06-24 04:46:45'),
(716, 'few', 0, 179, '2019-06-24 04:46:45', '2019-06-24 04:46:45'),
(717, 'was wounding', 0, 180, '2019-06-24 04:46:45', '2019-06-24 04:46:45'),
(718, 'wounded', 0, 180, '2019-06-24 04:46:45', '2019-06-24 04:46:45'),
(719, 'had wounded', 0, 180, '2019-06-24 04:46:45', '2019-06-24 04:46:45'),
(720, 'was wounded', 1, 180, '2019-06-24 04:46:45', '2019-06-24 04:46:45'),
(721, 'who', 1, 181, '2019-06-24 04:46:45', '2019-06-24 04:46:45'),
(722, 'whose', 0, 181, '2019-06-24 04:46:45', '2019-06-24 04:46:45'),
(723, 'whom', 0, 181, '2019-06-24 04:46:45', '2019-06-24 04:46:45'),
(724, 'which', 0, 181, '2019-06-24 04:46:45', '2019-06-24 04:46:45'),
(725, 'seeing', 1, 182, '2019-06-24 04:46:45', '2019-06-24 04:46:45'),
(726, 'to save', 0, 182, '2019-06-24 04:46:45', '2019-06-24 04:46:45'),
(727, 'see', 0, 182, '2019-06-24 04:46:45', '2019-06-24 04:46:45'),
(728, 'saw', 0, 182, '2019-06-24 04:46:45', '2019-06-24 04:46:45'),
(729, 'fertilizer', 0, 183, '2019-06-24 04:46:45', '2019-06-24 04:46:45'),
(730, 'smog', 0, 183, '2019-06-24 04:46:45', '2019-06-24 04:46:45');
INSERT INTO `answers` (`id`, `content`, `correct`, `id_question`, `created_at`, `updated_at`) VALUES
(731, 'pollutant', 1, 183, '2019-06-24 04:46:45', '2019-06-24 04:46:45'),
(732, 'vapour', 0, 183, '2019-06-24 04:46:45', '2019-06-24 04:46:45'),
(733, 'He is older than his sister two times', 0, 184, '2019-06-24 04:46:45', '2019-06-24 04:46:45'),
(734, 'He is twice as old as his sister', 1, 184, '2019-06-24 04:46:45', '2019-06-24 04:46:45'),
(735, 'His sister is twice as young as him', 0, 184, '2019-06-24 04:46:45', '2019-06-24 04:46:45'),
(736, 'He is two twice as older as his sister', 0, 184, '2019-06-24 04:46:45', '2019-06-24 04:46:45'),
(737, 'where', 0, 185, '2019-06-24 04:46:45', '2019-06-24 04:46:45'),
(738, 'which', 1, 185, '2019-06-24 04:46:45', '2019-06-24 04:46:45'),
(739, 'when', 0, 185, '2019-06-24 04:46:45', '2019-06-24 04:46:45'),
(740, 'who', 0, 185, '2019-06-24 04:46:45', '2019-06-24 04:46:45'),
(741, 'both of them', 0, 186, '2019-06-24 04:46:45', '2019-06-24 04:46:45'),
(742, 'either one of them', 0, 186, '2019-06-24 04:46:45', '2019-06-24 04:46:45'),
(743, 'neither of them', 1, 186, '2019-06-24 04:46:45', '2019-06-24 04:46:45'),
(744, 'not any of them', 0, 186, '2019-06-24 04:46:45', '2019-06-24 04:46:45'),
(745, 'which', 0, 187, '2019-06-24 04:46:45', '2019-06-24 04:46:45'),
(746, 'who', 1, 187, '2019-06-24 04:46:45', '2019-06-24 04:46:45'),
(747, 'whose', 0, 187, '2019-06-24 04:46:45', '2019-06-24 04:46:45'),
(748, 'whom', 0, 187, '2019-06-24 04:46:45', '2019-06-24 04:46:45'),
(749, 'five-cents stamp', 0, 188, '2019-06-24 04:46:45', '2019-06-24 04:46:45'),
(750, 'five-cent stamp', 1, 188, '2019-06-24 04:46:45', '2019-06-24 04:46:45'),
(751, 'stamp of five cents', 0, 188, '2019-06-24 04:46:45', '2019-06-24 04:46:45'),
(752, 'five-cent stamps', 0, 188, '2019-06-24 04:46:45', '2019-06-24 04:46:45'),
(753, 'which', 1, 189, '2019-06-24 04:46:45', '2019-06-24 04:46:45'),
(754, 'where', 0, 189, '2019-06-24 04:46:45', '2019-06-24 04:46:45'),
(755, 'when', 0, 189, '2019-06-24 04:46:45', '2019-06-24 04:46:45'),
(756, 'who', 0, 189, '2019-06-24 04:46:45', '2019-06-24 04:46:45'),
(757, 'asks / can / earns', 0, 190, '2019-06-24 04:46:45', '2019-06-24 04:46:45'),
(758, 'had asked / could / earned', 0, 190, '2019-06-24 04:46:45', '2019-06-24 04:46:45'),
(759, 'asked / could/ earned', 1, 190, '2019-06-24 04:46:45', '2019-06-24 04:46:45'),
(760, 'has asked / could / earned', 0, 190, '2019-06-24 04:46:45', '2019-06-24 04:46:45'),
(761, 'who', 0, 191, '2019-06-24 04:46:45', '2019-06-24 04:46:45'),
(762, 'which', 0, 191, '2019-06-24 04:46:45', '2019-06-24 04:46:45'),
(763, 'whom', 1, 191, '2019-06-24 04:46:45', '2019-06-24 04:46:45'),
(764, 'whose', 0, 191, '2019-06-24 04:46:45', '2019-06-24 04:46:45'),
(765, 'easily', 1, 192, '2019-06-24 04:46:45', '2019-06-24 04:46:45'),
(766, 'easy', 0, 192, '2019-06-24 04:46:45', '2019-06-24 04:46:45'),
(767, 'easement', 0, 192, '2019-06-24 04:46:45', '2019-06-24 04:46:45'),
(768, 'easiness', 0, 192, '2019-06-24 04:46:45', '2019-06-24 04:46:45'),
(769, 'spoonfuls', 1, 193, '2019-06-24 04:46:45', '2019-06-24 04:46:45'),
(770, 'spoonful', 0, 193, '2019-06-24 04:46:45', '2019-06-24 04:46:45'),
(771, 'spoon\'s full', 0, 193, '2019-06-24 04:46:45', '2019-06-24 04:46:45'),
(772, 'sponfull\'s', 0, 193, '2019-06-24 04:46:45', '2019-06-24 04:46:45'),
(773, 'will be leaving', 1, 194, '2019-06-24 04:46:45', '2019-06-24 04:46:45'),
(774, 'will have left', 0, 194, '2019-06-24 04:46:45', '2019-06-24 04:46:45'),
(775, 'are left', 0, 194, '2019-06-24 04:46:45', '2019-06-24 04:46:45'),
(776, 'have left', 0, 194, '2019-06-24 04:46:45', '2019-06-24 04:46:45'),
(777, 'when', 0, 195, '2019-06-24 04:46:45', '2019-06-24 04:46:45'),
(778, 'which', 1, 195, '2019-06-24 04:46:45', '2019-06-24 04:46:45'),
(779, 'where', 0, 195, '2019-06-24 04:46:45', '2019-06-24 04:46:45'),
(780, 'who', 0, 195, '2019-06-24 04:46:45', '2019-06-24 04:46:45'),
(781, 'has essential', 0, 196, '2019-06-24 04:46:45', '2019-06-24 04:46:45'),
(782, 'have essential', 0, 196, '2019-06-24 04:46:45', '2019-06-24 04:46:45'),
(783, 'is essential', 0, 196, '2019-06-24 04:46:45', '2019-06-24 04:46:45'),
(784, 'are essential', 1, 196, '2019-06-24 04:46:45', '2019-06-24 04:46:45'),
(785, 'when', 0, 197, '2019-06-24 04:46:45', '2019-06-24 04:46:45'),
(786, 'which', 0, 197, '2019-06-24 04:46:45', '2019-06-24 04:46:45'),
(787, 'where', 1, 197, '2019-06-24 04:46:45', '2019-06-24 04:46:45'),
(788, 'who', 0, 197, '2019-06-24 04:46:45', '2019-06-24 04:46:45'),
(789, 'over', 0, 198, '2019-06-24 04:46:45', '2019-06-24 04:46:45'),
(790, 'on', 0, 198, '2019-06-24 04:46:45', '2019-06-24 04:46:45'),
(791, 'above', 1, 198, '2019-06-24 04:46:45', '2019-06-24 04:46:45'),
(792, 'upon', 0, 198, '2019-06-24 04:46:45', '2019-06-24 04:46:45'),
(793, 'memories', 0, 199, '2019-06-24 04:46:45', '2019-06-24 04:46:45'),
(794, 'memoirs', 1, 199, '2019-06-24 04:46:45', '2019-06-24 04:46:45'),
(795, 'remembrances', 0, 199, '2019-06-24 04:46:45', '2019-06-24 04:46:45'),
(796, 'souvenirs', 0, 199, '2019-06-24 04:46:45', '2019-06-24 04:46:45'),
(797, 'on', 0, 200, '2019-06-24 04:46:45', '2019-06-24 04:46:45'),
(798, 'over', 1, 200, '2019-06-24 04:46:45', '2019-06-24 04:46:45'),
(799, 'for', 0, 200, '2019-06-24 04:46:45', '2019-06-24 04:46:45'),
(800, 'to', 0, 200, '2019-06-24 04:46:45', '2019-06-24 04:46:45'),
(801, 'relevant', 0, 201, '2019-06-24 04:48:25', '2019-06-24 04:48:25'),
(802, 'revolting', 0, 201, '2019-06-24 04:48:25', '2019-06-24 04:48:25'),
(803, 'revolution', 1, 201, '2019-06-24 04:48:25', '2019-06-24 04:48:25'),
(804, 'revolver', 0, 201, '2019-06-24 04:48:25', '2019-06-24 04:48:25'),
(805, 'astronomical', 1, 202, '2019-06-24 04:48:25', '2019-06-24 04:48:25'),
(806, 'aeronautical', 0, 202, '2019-06-24 04:48:25', '2019-06-24 04:48:25'),
(807, 'astrological', 0, 202, '2019-06-24 04:48:25', '2019-06-24 04:48:25'),
(808, 'atmospherical', 0, 202, '2019-06-24 04:48:25', '2019-06-24 04:48:25'),
(809, 'advantage', 0, 203, '2019-06-24 04:48:25', '2019-06-24 04:48:25'),
(810, 'assist', 0, 203, '2019-06-24 04:48:25', '2019-06-24 04:48:25'),
(811, 'encourage', 0, 203, '2019-06-24 04:48:25', '2019-06-24 04:48:25'),
(812, 'support', 1, 203, '2019-06-24 04:48:25', '2019-06-24 04:48:25'),
(813, 'pleading', 0, 204, '2019-06-24 04:48:25', '2019-06-24 04:48:25'),
(814, 'imploring', 0, 204, '2019-06-24 04:48:25', '2019-06-24 04:48:25'),
(815, 'begging', 1, 204, '2019-06-24 04:48:25', '2019-06-24 04:48:25'),
(816, 'entreating', 0, 204, '2019-06-24 04:48:25', '2019-06-24 04:48:25'),
(817, 'unless', 0, 205, '2019-06-24 04:48:25', '2019-06-24 04:48:25'),
(818, 'however', 0, 205, '2019-06-24 04:48:25', '2019-06-24 04:48:25'),
(819, 'were', 0, 205, '2019-06-24 04:48:25', '2019-06-24 04:48:25'),
(820, 'provided', 1, 205, '2019-06-24 04:48:25', '2019-06-24 04:48:25'),
(821, 'newspapers', 0, 206, '2019-06-24 04:48:25', '2019-06-24 04:48:25'),
(822, 'newspaper', 1, 206, '2019-06-24 04:48:25', '2019-06-24 04:48:25'),
(823, 'newspaper’s', 0, 206, '2019-06-24 04:48:25', '2019-06-24 04:48:25'),
(824, 'newspapers’', 0, 206, '2019-06-24 04:48:25', '2019-06-24 04:48:25'),
(825, 'promises', 1, 207, '2019-06-24 04:48:25', '2019-06-24 04:48:25'),
(826, 'vows', 0, 207, '2019-06-24 04:48:25', '2019-06-24 04:48:25'),
(827, 'aspirations', 0, 207, '2019-06-24 04:48:25', '2019-06-24 04:48:25'),
(828, 'offers', 0, 207, '2019-06-24 04:48:25', '2019-06-24 04:48:25'),
(829, 'physicist', 0, 208, '2019-06-24 04:48:25', '2019-06-24 04:48:25'),
(830, 'poet', 0, 208, '2019-06-24 04:48:25', '2019-06-24 04:48:25'),
(831, 'chemist', 0, 208, '2019-06-24 04:48:25', '2019-06-24 04:48:25'),
(832, 'writer', 1, 208, '2019-06-24 04:48:25', '2019-06-24 04:48:25'),
(833, 'out', 0, 209, '2019-06-24 04:48:25', '2019-06-24 04:48:25'),
(834, 'out of the sea', 0, 209, '2019-06-24 04:48:25', '2019-06-24 04:48:25'),
(835, 'into pieces', 1, 209, '2019-06-24 04:48:25', '2019-06-24 04:48:25'),
(836, 'to pieces', 0, 209, '2019-06-24 04:48:25', '2019-06-24 04:48:25'),
(837, 'In spite of', 0, 210, '2019-06-24 04:48:25', '2019-06-24 04:48:25'),
(838, 'Despite', 0, 210, '2019-06-24 04:48:25', '2019-06-24 04:48:25'),
(839, 'Because', 0, 210, '2019-06-24 04:48:25', '2019-06-24 04:48:25'),
(840, 'Although', 1, 210, '2019-06-24 04:48:25', '2019-06-24 04:48:25'),
(841, 'more beautifully', 0, 211, '2019-06-24 04:48:25', '2019-06-24 04:48:25'),
(842, 'the most beautifully', 1, 211, '2019-06-24 04:48:25', '2019-06-24 04:48:25'),
(843, 'less beautifully', 0, 211, '2019-06-24 04:48:25', '2019-06-24 04:48:25'),
(844, 'most beautifully', 0, 211, '2019-06-24 04:48:25', '2019-06-24 04:48:25'),
(845, 'shouldn’t', 0, 212, '2019-06-24 04:48:25', '2019-06-24 04:48:25'),
(846, 'wouldn’t', 1, 212, '2019-06-24 04:48:25', '2019-06-24 04:48:25'),
(847, 'mightn’t', 0, 212, '2019-06-24 04:48:25', '2019-06-24 04:48:25'),
(848, 'couldn’t', 0, 212, '2019-06-24 04:48:25', '2019-06-24 04:48:25'),
(849, 'in', 1, 213, '2019-06-24 04:48:25', '2019-06-24 04:48:25'),
(850, 'of', 0, 213, '2019-06-24 04:48:25', '2019-06-24 04:48:25'),
(851, 'from', 0, 213, '2019-06-24 04:48:25', '2019-06-24 04:48:25'),
(852, 'for', 0, 213, '2019-06-24 04:48:25', '2019-06-24 04:48:25'),
(853, 'contained', 0, 214, '2019-06-24 04:48:25', '2019-06-24 04:48:25'),
(854, 'compressed', 0, 214, '2019-06-24 04:48:25', '2019-06-24 04:48:25'),
(855, 'constricted', 0, 214, '2019-06-24 04:48:25', '2019-06-24 04:48:25'),
(856, 'confined', 1, 214, '2019-06-24 04:48:25', '2019-06-24 04:48:25'),
(857, 'cut', 0, 215, '2019-06-24 04:48:25', '2019-06-24 04:48:25'),
(858, 'grazed', 0, 215, '2019-06-24 04:48:25', '2019-06-24 04:48:25'),
(859, 'crushed', 0, 215, '2019-06-24 04:48:25', '2019-06-24 04:48:25'),
(860, 'severed', 1, 215, '2019-06-24 04:48:25', '2019-06-24 04:48:25'),
(861, 'on', 0, 216, '2019-06-24 04:48:25', '2019-06-24 04:48:25'),
(862, 'over', 0, 216, '2019-06-24 04:48:25', '2019-06-24 04:48:25'),
(863, 'up', 1, 216, '2019-06-24 04:48:25', '2019-06-24 04:48:25'),
(864, 'through', 0, 216, '2019-06-24 04:48:25', '2019-06-24 04:48:25'),
(865, 'might', 0, 217, '2019-06-24 04:48:25', '2019-06-24 04:48:25'),
(866, 'will', 0, 217, '2019-06-24 04:48:25', '2019-06-24 04:48:25'),
(867, 'must', 1, 217, '2019-06-24 04:48:25', '2019-06-24 04:48:25'),
(868, 'can', 0, 217, '2019-06-24 04:48:25', '2019-06-24 04:48:25'),
(869, 'the Mediterranean / by farm', 0, 218, '2019-06-24 04:48:25', '2019-06-24 04:48:25'),
(870, 'Mediterranean / by farming', 0, 218, '2019-06-24 04:48:25', '2019-06-24 04:48:25'),
(871, 'the Mediterranean / to farm', 0, 218, '2019-06-24 04:48:25', '2019-06-24 04:48:25'),
(872, 'the Mediterranean / by farming', 1, 218, '2019-06-24 04:48:25', '2019-06-24 04:48:25'),
(873, 'more than', 0, 219, '2019-06-24 04:48:25', '2019-06-24 04:48:25'),
(874, 'most of all', 1, 219, '2019-06-24 04:48:25', '2019-06-24 04:48:25'),
(875, 'much more', 0, 219, '2019-06-24 04:48:25', '2019-06-24 04:48:25'),
(876, 'not at all', 0, 219, '2019-06-24 04:48:25', '2019-06-24 04:48:25'),
(877, 'going / do not ready', 0, 220, '2019-06-24 04:48:25', '2019-06-24 04:48:25'),
(878, 'to go / do not ready', 0, 220, '2019-06-24 04:48:25', '2019-06-24 04:48:25'),
(879, 'going / are not ready', 1, 220, '2019-06-24 04:48:25', '2019-06-24 04:48:25'),
(880, 'go / are not ready', 0, 220, '2019-06-24 04:48:25', '2019-06-24 04:48:25'),
(881, 'each other', 0, 221, '2019-06-24 04:48:25', '2019-06-24 04:48:25'),
(882, 'one after another', 0, 221, '2019-06-24 04:48:25', '2019-06-24 04:48:25'),
(883, 'one another', 1, 221, '2019-06-24 04:48:25', '2019-06-24 04:48:25'),
(884, 'a lot', 0, 221, '2019-06-24 04:48:25', '2019-06-24 04:48:25'),
(885, 'to be arrested', 0, 222, '2019-06-24 04:48:25', '2019-06-24 04:48:25'),
(886, 'be arrested', 0, 222, '2019-06-24 04:48:25', '2019-06-24 04:48:25'),
(887, 'having been arrested', 1, 222, '2019-06-24 04:48:25', '2019-06-24 04:48:25'),
(888, 'have been arrested', 0, 222, '2019-06-24 04:48:25', '2019-06-24 04:48:25'),
(889, 'for', 0, 223, '2019-06-24 04:48:25', '2019-06-24 04:48:25'),
(890, 'of', 0, 223, '2019-06-24 04:48:25', '2019-06-24 04:48:25'),
(891, 'in order to', 1, 223, '2019-06-24 04:48:25', '2019-06-24 04:48:25'),
(892, 'so that', 0, 223, '2019-06-24 04:48:25', '2019-06-24 04:48:25'),
(893, 'The teacher is being questioned in class.', 0, 224, '2019-06-24 04:48:25', '2019-06-24 04:48:25'),
(894, 'He is questioned in class by the teacher.', 0, 224, '2019-06-24 04:48:25', '2019-06-24 04:48:25'),
(895, 'He is being questioned in class by the teacher.', 1, 224, '2019-06-24 04:48:25', '2019-06-24 04:48:25'),
(896, 'He was being questioned in class by the teacher.', 0, 224, '2019-06-24 04:48:25', '2019-06-24 04:48:25'),
(897, 'too lucky', 0, 225, '2019-06-24 04:48:25', '2019-06-24 04:48:25'),
(898, 'more fortunate', 0, 225, '2019-06-24 04:48:25', '2019-06-24 04:48:25'),
(899, 'less lucky', 0, 225, '2019-06-24 04:48:25', '2019-06-24 04:48:25'),
(900, 'fortunate enough', 1, 225, '2019-06-24 04:48:25', '2019-06-24 04:48:25'),
(901, 'a letter was in the mailbox', 0, 226, '2019-06-24 04:48:25', '2019-06-24 04:48:25'),
(902, 'a letter was found in the mailbox', 0, 226, '2019-06-24 04:48:25', '2019-06-24 04:48:25'),
(903, 'he found a letter in the mailbox', 1, 226, '2019-06-24 04:48:25', '2019-06-24 04:48:25'),
(904, 'the mailbox had a letter in it', 0, 226, '2019-06-24 04:48:25', '2019-06-24 04:48:25'),
(905, 'anything', 1, 227, '2019-06-24 04:48:25', '2019-06-24 04:48:25'),
(906, 'nothing', 0, 227, '2019-06-24 04:48:25', '2019-06-24 04:48:25'),
(907, 'something', 0, 227, '2019-06-24 04:48:25', '2019-06-24 04:48:25'),
(908, 'a few', 0, 227, '2019-06-24 04:48:25', '2019-06-24 04:48:25'),
(909, 'It is since', 0, 228, '2019-06-24 04:48:25', '2019-06-24 04:48:25'),
(910, 'When', 0, 228, '2019-06-24 04:48:25', '2019-06-24 04:48:25'),
(911, 'Since it is', 0, 228, '2019-06-24 04:48:25', '2019-06-24 04:48:25'),
(912, 'In', 1, 228, '2019-06-24 04:48:25', '2019-06-24 04:48:25'),
(913, 'cleanly', 0, 229, '2019-06-24 04:48:25', '2019-06-24 04:48:25'),
(914, 'clean', 1, 229, '2019-06-24 04:48:25', '2019-06-24 04:48:25'),
(915, 'clearly', 0, 229, '2019-06-24 04:48:25', '2019-06-24 04:48:25'),
(916, 'carefully', 0, 229, '2019-06-24 04:48:25', '2019-06-24 04:48:25'),
(917, 'it wasn\'t', 0, 230, '2019-06-24 04:48:25', '2019-06-24 04:48:25'),
(918, 'they wasn\'t', 0, 230, '2019-06-24 04:48:25', '2019-06-24 04:48:25'),
(919, 'they weren\'t', 1, 230, '2019-06-24 04:48:25', '2019-06-24 04:48:25'),
(920, 'it weren\'t', 0, 230, '2019-06-24 04:48:25', '2019-06-24 04:48:25'),
(921, 'lemon juice a lot of', 0, 231, '2019-06-24 04:48:25', '2019-06-24 04:48:25'),
(922, 'many glasses of beer', 1, 231, '2019-06-24 04:48:25', '2019-06-24 04:48:25'),
(923, 'many wine', 0, 231, '2019-06-24 04:48:25', '2019-06-24 04:48:25'),
(924, 'much waters', 0, 231, '2019-06-24 04:48:25', '2019-06-24 04:48:25'),
(925, 'is an eating disorder', 0, 232, '2019-06-24 04:48:25', '2019-06-24 04:48:25'),
(926, 'an eating disorder which', 0, 232, '2019-06-24 04:48:25', '2019-06-24 04:48:25'),
(927, 'an eating disorder', 1, 232, '2019-06-24 04:48:25', '2019-06-24 04:48:25'),
(928, 'for which an eating disorder', 0, 232, '2019-06-24 04:48:25', '2019-06-24 04:48:25'),
(929, 'a', 0, 233, '2019-06-24 04:48:25', '2019-06-24 04:48:25'),
(930, 'yours', 0, 233, '2019-06-24 04:48:25', '2019-06-24 04:48:25'),
(931, 'the', 1, 233, '2019-06-24 04:48:25', '2019-06-24 04:48:25'),
(932, 'such a', 0, 233, '2019-06-24 04:48:25', '2019-06-24 04:48:25'),
(933, 'dead and wound', 0, 234, '2019-06-24 04:48:25', '2019-06-24 04:48:25'),
(934, 'dead and wounded', 1, 234, '2019-06-24 04:48:25', '2019-06-24 04:48:25'),
(935, 'to die and wound', 0, 234, '2019-06-24 04:48:25', '2019-06-24 04:48:25'),
(936, 'death and wound', 0, 234, '2019-06-24 04:48:25', '2019-06-24 04:48:25'),
(937, 'harder', 0, 235, '2019-06-24 04:48:25', '2019-06-24 04:48:25'),
(938, 'hard', 0, 235, '2019-06-24 04:48:25', '2019-06-24 04:48:25'),
(939, 'hardly', 1, 235, '2019-06-24 04:48:25', '2019-06-24 04:48:25'),
(940, 'difficult', 0, 235, '2019-06-24 04:48:25', '2019-06-24 04:48:25'),
(941, 'cups enough', 0, 236, '2019-06-24 04:48:25', '2019-06-24 04:48:25'),
(942, 'enough cups', 1, 236, '2019-06-24 04:48:25', '2019-06-24 04:48:25'),
(943, 'cups too', 0, 236, '2019-06-24 04:48:25', '2019-06-24 04:48:25'),
(944, 'too cups', 0, 236, '2019-06-24 04:48:25', '2019-06-24 04:48:25'),
(945, 'article', 1, 237, '2019-06-24 04:48:25', '2019-06-24 04:48:25'),
(946, 'information', 0, 237, '2019-06-24 04:48:25', '2019-06-24 04:48:25'),
(947, 'news', 0, 237, '2019-06-24 04:48:25', '2019-06-24 04:48:25'),
(948, 'reporting', 0, 237, '2019-06-24 04:48:25', '2019-06-24 04:48:25'),
(949, 'to do', 1, 238, '2019-06-24 04:48:25', '2019-06-24 04:48:25'),
(950, 'do', 0, 238, '2019-06-24 04:48:25', '2019-06-24 04:48:25'),
(951, 'doing', 0, 238, '2019-06-24 04:48:25', '2019-06-24 04:48:25'),
(952, 'done', 0, 238, '2019-06-24 04:48:25', '2019-06-24 04:48:25'),
(953, 'columns', 0, 239, '2019-06-24 04:48:25', '2019-06-24 04:48:25'),
(954, 'headings', 0, 239, '2019-06-24 04:48:25', '2019-06-24 04:48:25'),
(955, 'headlines', 1, 239, '2019-06-24 04:48:25', '2019-06-24 04:48:25'),
(956, 'sections', 0, 239, '2019-06-24 04:48:25', '2019-06-24 04:48:25'),
(957, 'Turning the corner', 0, 240, '2019-06-24 04:48:25', '2019-06-24 04:48:25'),
(958, 'Having turned the corner', 0, 240, '2019-06-24 04:48:25', '2019-06-24 04:48:25'),
(959, 'When he turned the corner', 1, 240, '2019-06-24 04:48:25', '2019-06-24 04:48:25'),
(960, 'Being turned the corner', 0, 240, '2019-06-24 04:48:25', '2019-06-24 04:48:25'),
(961, 'was going', 0, 241, '2019-06-24 04:48:25', '2019-06-24 04:48:25'),
(962, 'had', 0, 241, '2019-06-24 04:48:25', '2019-06-24 04:48:25'),
(963, 'were going', 1, 241, '2019-06-24 04:48:25', '2019-06-24 04:48:25'),
(964, 'ought', 0, 241, '2019-06-24 04:48:25', '2019-06-24 04:48:25'),
(965, 'principle', 0, 242, '2019-06-24 04:48:25', '2019-06-24 04:48:25'),
(966, 'principal', 1, 242, '2019-06-24 04:48:25', '2019-06-24 04:48:25'),
(967, 'principality', 0, 242, '2019-06-24 04:48:25', '2019-06-24 04:48:25'),
(968, 'principles', 0, 242, '2019-06-24 04:48:25', '2019-06-24 04:48:25'),
(969, 'would know', 0, 243, '2019-06-24 04:48:25', '2019-06-24 04:48:25'),
(970, 'knew', 1, 243, '2019-06-24 04:48:25', '2019-06-24 04:48:25'),
(971, 'know', 0, 243, '2019-06-24 04:48:25', '2019-06-24 04:48:25'),
(972, 'can know', 0, 243, '2019-06-24 04:48:25', '2019-06-24 04:48:25'),
(973, 'Most of', 0, 244, '2019-06-24 04:48:25', '2019-06-24 04:48:25'),
(974, 'Most', 1, 244, '2019-06-24 04:48:25', '2019-06-24 04:48:25'),
(975, 'The most', 0, 244, '2019-06-24 04:48:25', '2019-06-24 04:48:25'),
(976, 'The most of', 0, 244, '2019-06-24 04:48:25', '2019-06-24 04:48:25'),
(977, 'have betrayed', 0, 245, '2019-06-24 04:48:25', '2019-06-24 04:48:25'),
(978, 'would betray', 0, 245, '2019-06-24 04:48:25', '2019-06-24 04:48:25'),
(979, 'had betrayed', 1, 245, '2019-06-24 04:48:25', '2019-06-24 04:48:25'),
(980, 'am betraying', 0, 245, '2019-06-24 04:48:25', '2019-06-24 04:48:25'),
(981, 'attend / asked', 0, 246, '2019-06-24 04:48:25', '2019-06-24 04:48:25'),
(982, 'attended / to ask', 0, 246, '2019-06-24 04:48:25', '2019-06-24 04:48:25'),
(983, 'attending / to ask', 1, 246, '2019-06-24 04:48:25', '2019-06-24 04:48:25'),
(984, 'would attend / to be asked', 0, 246, '2019-06-24 04:48:26', '2019-06-24 04:48:26'),
(985, 'dock', 0, 247, '2019-06-24 04:48:26', '2019-06-24 04:48:26'),
(986, 'goal', 0, 247, '2019-06-24 04:48:26', '2019-06-24 04:48:26'),
(987, 'jail', 1, 247, '2019-06-24 04:48:26', '2019-06-24 04:48:26'),
(988, 'trial', 0, 247, '2019-06-24 04:48:26', '2019-06-24 04:48:26'),
(989, 'childlike', 0, 248, '2019-06-24 04:48:26', '2019-06-24 04:48:26'),
(990, 'childish', 0, 248, '2019-06-24 04:48:26', '2019-06-24 04:48:26'),
(991, 'childly', 0, 248, '2019-06-24 04:48:26', '2019-06-24 04:48:26'),
(992, 'childless', 1, 248, '2019-06-24 04:48:26', '2019-06-24 04:48:26'),
(993, 'conservative', 0, 249, '2019-06-24 04:48:26', '2019-06-24 04:48:26'),
(994, 'liberal', 0, 249, '2019-06-24 04:48:26', '2019-06-24 04:48:26'),
(995, 'socialist', 1, 249, '2019-06-24 04:48:26', '2019-06-24 04:48:26'),
(996, 'socialism', 0, 249, '2019-06-24 04:48:26', '2019-06-24 04:48:26'),
(997, 'presented', 0, 250, '2019-06-24 04:48:26', '2019-06-24 04:48:26'),
(998, 'was presenting', 0, 250, '2019-06-24 04:48:26', '2019-06-24 04:48:26'),
(999, 'presenting', 1, 250, '2019-06-24 04:48:26', '2019-06-24 04:48:26'),
(1000, 'be presenting', 0, 250, '2019-06-24 04:48:26', '2019-06-24 04:48:26'),
(1001, 'to inform', 1, 251, '2019-06-24 04:48:26', '2019-06-24 04:48:26'),
(1002, 'informing', 0, 251, '2019-06-24 04:48:26', '2019-06-24 04:48:26'),
(1003, 'to tell to', 0, 251, '2019-06-24 04:48:26', '2019-06-24 04:48:26'),
(1004, 'telling', 0, 251, '2019-06-24 04:48:26', '2019-06-24 04:48:26'),
(1005, 'was crossing', 1, 252, '2019-06-24 04:48:26', '2019-06-24 04:48:26'),
(1006, 'is crossing', 0, 252, '2019-06-24 04:48:26', '2019-06-24 04:48:26'),
(1007, 'crossed', 0, 252, '2019-06-24 04:48:26', '2019-06-24 04:48:26'),
(1008, 'were crossing', 0, 252, '2019-06-24 04:48:26', '2019-06-24 04:48:26'),
(1009, 'to turn', 0, 253, '2019-06-24 04:48:26', '2019-06-24 04:48:26'),
(1010, 'on turning', 0, 253, '2019-06-24 04:48:26', '2019-06-24 04:48:26'),
(1011, 'turning', 1, 253, '2019-06-24 04:48:26', '2019-06-24 04:48:26'),
(1012, 'turn', 0, 253, '2019-06-24 04:48:26', '2019-06-24 04:48:26'),
(1013, 'also', 0, 254, '2019-06-24 04:48:26', '2019-06-24 04:48:26'),
(1014, 'still', 0, 254, '2019-06-24 04:48:26', '2019-06-24 04:48:26'),
(1015, 'well', 0, 254, '2019-06-24 04:48:26', '2019-06-24 04:48:26'),
(1016, 'longer', 1, 254, '2019-06-24 04:48:26', '2019-06-24 04:48:26'),
(1017, 'were', 0, 255, '2019-06-24 04:48:26', '2019-06-24 04:48:26'),
(1018, 'was', 1, 255, '2019-06-24 04:48:26', '2019-06-24 04:48:26'),
(1019, 'would', 0, 255, '2019-06-24 04:48:26', '2019-06-24 04:48:26'),
(1020, 'had', 0, 255, '2019-06-24 04:48:26', '2019-06-24 04:48:26'),
(1021, 'since', 0, 256, '2019-06-24 04:48:26', '2019-06-24 04:48:26'),
(1022, 'for', 1, 256, '2019-06-24 04:48:26', '2019-06-24 04:48:26'),
(1023, 'in', 0, 256, '2019-06-24 04:48:26', '2019-06-24 04:48:26'),
(1024, 'at', 0, 256, '2019-06-24 04:48:26', '2019-06-24 04:48:26'),
(1025, 'that students smoke', 0, 257, '2019-06-24 04:48:26', '2019-06-24 04:48:26'),
(1026, 'smoke', 0, 257, '2019-06-24 04:48:26', '2019-06-24 04:48:26'),
(1027, 'students to smoke', 1, 257, '2019-06-24 04:48:26', '2019-06-24 04:48:26'),
(1028, 'to smoking', 0, 257, '2019-06-24 04:48:26', '2019-06-24 04:48:26'),
(1029, 'How', 0, 258, '2019-06-24 04:48:26', '2019-06-24 04:48:26'),
(1030, 'What', 1, 258, '2019-06-24 04:48:26', '2019-06-24 04:48:26'),
(1031, 'What very', 0, 258, '2019-06-24 04:48:26', '2019-06-24 04:48:26'),
(1032, 'How very', 0, 258, '2019-06-24 04:48:26', '2019-06-24 04:48:26'),
(1033, 'to get', 0, 259, '2019-06-24 04:48:26', '2019-06-24 04:48:26'),
(1034, 'getting', 0, 259, '2019-06-24 04:48:26', '2019-06-24 04:48:26'),
(1035, 'get', 1, 259, '2019-06-24 04:48:26', '2019-06-24 04:48:26'),
(1036, 'to getting', 0, 259, '2019-06-24 04:48:26', '2019-06-24 04:48:26'),
(1037, 'on present', 0, 260, '2019-06-24 04:48:26', '2019-06-24 04:48:26'),
(1038, 'in time', 0, 260, '2019-06-24 04:48:26', '2019-06-24 04:48:26'),
(1039, 'at present', 1, 260, '2019-06-24 04:48:26', '2019-06-24 04:48:26'),
(1040, 'on time', 0, 260, '2019-06-24 04:48:26', '2019-06-24 04:48:26'),
(1041, 'has taken', 1, 261, '2019-06-24 04:48:26', '2019-06-24 04:48:26'),
(1042, 'have taken', 0, 261, '2019-06-24 04:48:26', '2019-06-24 04:48:26'),
(1043, 'has took', 0, 261, '2019-06-24 04:48:26', '2019-06-24 04:48:26'),
(1044, 'have took', 0, 261, '2019-06-24 04:48:26', '2019-06-24 04:48:26'),
(1045, 'neither', 0, 262, '2019-06-24 04:48:26', '2019-06-24 04:48:26'),
(1046, 'either', 1, 262, '2019-06-24 04:48:26', '2019-06-24 04:48:26'),
(1047, 'too', 0, 262, '2019-06-24 04:48:26', '2019-06-24 04:48:26'),
(1048, 'so', 0, 262, '2019-06-24 04:48:26', '2019-06-24 04:48:26'),
(1049, 'do', 0, 263, '2019-06-24 04:48:26', '2019-06-24 04:48:26'),
(1050, 'did', 0, 263, '2019-06-24 04:48:26', '2019-06-24 04:48:26'),
(1051, 'am', 1, 263, '2019-06-24 04:48:26', '2019-06-24 04:48:26'),
(1052, 'was', 0, 263, '2019-06-24 04:48:26', '2019-06-24 04:48:26'),
(1053, 'out', 0, 264, '2019-06-24 04:48:26', '2019-06-24 04:48:26'),
(1054, 'in', 0, 264, '2019-06-24 04:48:26', '2019-06-24 04:48:26'),
(1055, 'off', 0, 264, '2019-06-24 04:48:26', '2019-06-24 04:48:26'),
(1056, 'up', 1, 264, '2019-06-24 04:48:26', '2019-06-24 04:48:26'),
(1057, 'to have ever been', 0, 265, '2019-06-24 04:48:26', '2019-06-24 04:48:26'),
(1058, 'have ever been', 0, 265, '2019-06-24 04:48:26', '2019-06-24 04:48:26'),
(1059, 'having been ever', 0, 265, '2019-06-24 04:48:26', '2019-06-24 04:48:26'),
(1060, 'ever having been', 1, 265, '2019-06-24 04:48:26', '2019-06-24 04:48:26'),
(1061, 'were used to', 0, 266, '2019-06-24 04:48:26', '2019-06-24 04:48:26'),
(1062, 'used to', 1, 266, '2019-06-24 04:48:26', '2019-06-24 04:48:26'),
(1063, 'got used to', 0, 266, '2019-06-24 04:48:26', '2019-06-24 04:48:26'),
(1064, 'are used to', 0, 266, '2019-06-24 04:48:26', '2019-06-24 04:48:26'),
(1065, 'to make', 0, 267, '2019-06-24 04:48:26', '2019-06-24 04:48:26'),
(1066, 'making', 1, 267, '2019-06-24 04:48:26', '2019-06-24 04:48:26'),
(1067, 'made', 0, 267, '2019-06-24 04:48:26', '2019-06-24 04:48:26'),
(1068, 'make', 0, 267, '2019-06-24 04:48:26', '2019-06-24 04:48:26'),
(1069, 'absorb', 0, 268, '2019-06-24 04:48:26', '2019-06-24 04:48:26'),
(1070, 'absorbed', 1, 268, '2019-06-24 04:48:26', '2019-06-24 04:48:26'),
(1071, 'to absorb', 0, 268, '2019-06-24 04:48:26', '2019-06-24 04:48:26'),
(1072, 'absorbing', 0, 268, '2019-06-24 04:48:26', '2019-06-24 04:48:26'),
(1073, 'don’t allow', 0, 269, '2019-06-24 04:48:26', '2019-06-24 04:48:26'),
(1074, 'aren’t let', 0, 269, '2019-06-24 04:48:26', '2019-06-24 04:48:26'),
(1075, 'aren’t allowed', 1, 269, '2019-06-24 04:48:26', '2019-06-24 04:48:26'),
(1076, 'would rather', 0, 269, '2019-06-24 04:48:26', '2019-06-24 04:48:26'),
(1077, 'out off', 0, 270, '2019-06-24 04:48:26', '2019-06-24 04:48:26'),
(1078, 'not having', 0, 270, '2019-06-24 04:48:26', '2019-06-24 04:48:26'),
(1079, 'lacking', 0, 270, '2019-06-24 04:48:26', '2019-06-24 04:48:26'),
(1080, 'out of', 1, 270, '2019-06-24 04:48:26', '2019-06-24 04:48:26'),
(1081, 'weighing', 1, 271, '2019-06-24 04:48:26', '2019-06-24 04:48:26'),
(1082, 'weigh', 0, 271, '2019-06-24 04:48:26', '2019-06-24 04:48:26'),
(1083, 'weighed', 0, 271, '2019-06-24 04:48:26', '2019-06-24 04:48:26'),
(1084, 'to weigh', 0, 271, '2019-06-24 04:48:26', '2019-06-24 04:48:26'),
(1085, 'had to miss', 0, 272, '2019-06-24 04:48:26', '2019-06-24 04:48:26'),
(1086, 'should have missed', 0, 272, '2019-06-24 04:48:26', '2019-06-24 04:48:26'),
(1087, 'would have missed', 0, 272, '2019-06-24 04:48:26', '2019-06-24 04:48:26'),
(1088, 'must have missed', 1, 272, '2019-06-24 04:48:26', '2019-06-24 04:48:26'),
(1089, 'blame', 0, 273, '2019-06-24 04:48:26', '2019-06-24 04:48:26'),
(1090, 'to blame', 1, 273, '2019-06-24 04:48:26', '2019-06-24 04:48:26'),
(1091, 'blaming', 0, 273, '2019-06-24 04:48:26', '2019-06-24 04:48:26'),
(1092, 'for blame', 0, 273, '2019-06-24 04:48:26', '2019-06-24 04:48:26'),
(1093, 'keen', 1, 274, '2019-06-24 04:48:26', '2019-06-24 04:48:26'),
(1094, 'enthusiastic', 0, 274, '2019-06-24 04:48:26', '2019-06-24 04:48:26'),
(1095, 'interested', 0, 274, '2019-06-24 04:48:26', '2019-06-24 04:48:26'),
(1096, 'like', 0, 274, '2019-06-24 04:48:26', '2019-06-24 04:48:26'),
(1097, 'may', 0, 275, '2019-06-24 04:48:26', '2019-06-24 04:48:26'),
(1098, 'can', 0, 275, '2019-06-24 04:48:26', '2019-06-24 04:48:26'),
(1099, 'must', 0, 275, '2019-06-24 04:48:26', '2019-06-24 04:48:26'),
(1100, 'might', 1, 275, '2019-06-24 04:48:26', '2019-06-24 04:48:26'),
(1101, 'borders', 0, 276, '2019-06-24 04:48:26', '2019-06-24 04:48:26'),
(1102, 'limitations', 1, 276, '2019-06-24 04:48:26', '2019-06-24 04:48:26'),
(1103, 'frontiers', 0, 276, '2019-06-24 04:48:26', '2019-06-24 04:48:26'),
(1104, 'limits', 0, 276, '2019-06-24 04:48:26', '2019-06-24 04:48:26'),
(1105, 'having', 1, 277, '2019-06-24 04:48:26', '2019-06-24 04:48:26'),
(1106, 'be', 0, 277, '2019-06-24 04:48:26', '2019-06-24 04:48:26'),
(1107, 'being', 0, 277, '2019-06-24 04:48:26', '2019-06-24 04:48:26'),
(1108, 'been', 0, 277, '2019-06-24 04:48:26', '2019-06-24 04:48:26'),
(1109, 'to tell', 0, 278, '2019-06-24 04:48:26', '2019-06-24 04:48:26'),
(1110, 'telling', 0, 278, '2019-06-24 04:48:26', '2019-06-24 04:48:26'),
(1111, 'tell', 1, 278, '2019-06-24 04:48:26', '2019-06-24 04:48:26'),
(1112, 'going to tell', 0, 278, '2019-06-24 04:48:26', '2019-06-24 04:48:26'),
(1113, 'get rid of', 0, 279, '2019-06-24 04:48:26', '2019-06-24 04:48:26'),
(1114, 'got rid of', 1, 279, '2019-06-24 04:48:26', '2019-06-24 04:48:26'),
(1115, 'got rid', 0, 279, '2019-06-24 04:48:26', '2019-06-24 04:48:26'),
(1116, 'getting rid of', 0, 279, '2019-06-24 04:48:26', '2019-06-24 04:48:26'),
(1117, 'didn\'t you go', 1, 280, '2019-06-24 04:48:26', '2019-06-24 04:48:26'),
(1118, 'haven\'t you gone', 0, 280, '2019-06-24 04:48:26', '2019-06-24 04:48:26'),
(1119, 'aren\'t you going', 0, 280, '2019-06-24 04:48:26', '2019-06-24 04:48:26'),
(1120, 'don\'t you go', 0, 280, '2019-06-24 04:48:26', '2019-06-24 04:48:26'),
(1121, 'swallow', 0, 281, '2019-06-24 04:48:26', '2019-06-24 04:48:26'),
(1122, 'share', 1, 281, '2019-06-24 04:48:26', '2019-06-24 04:48:26'),
(1123, 'divide', 0, 281, '2019-06-24 04:48:26', '2019-06-24 04:48:26'),
(1124, 'receive', 0, 281, '2019-06-24 04:48:26', '2019-06-24 04:48:26'),
(1125, 'can', 1, 282, '2019-06-24 04:48:26', '2019-06-24 04:48:26'),
(1126, 'were', 0, 282, '2019-06-24 04:48:26', '2019-06-24 04:48:26'),
(1127, 'have', 0, 282, '2019-06-24 04:48:26', '2019-06-24 04:48:26'),
(1128, 'are', 0, 282, '2019-06-24 04:48:26', '2019-06-24 04:48:26'),
(1129, 'keep away from', 0, 283, '2019-06-24 04:48:26', '2019-06-24 04:48:26'),
(1130, 'keep up with', 1, 283, '2019-06-24 04:48:26', '2019-06-24 04:48:26'),
(1131, 'keep in touch with', 0, 283, '2019-06-24 04:48:26', '2019-06-24 04:48:26'),
(1132, 'put up with', 0, 283, '2019-06-24 04:48:26', '2019-06-24 04:48:26'),
(1133, 'the', 0, 284, '2019-06-24 04:48:26', '2019-06-24 04:48:26'),
(1134, 'some', 0, 284, '2019-06-24 04:48:26', '2019-06-24 04:48:26'),
(1135, 'each', 0, 284, '2019-06-24 04:48:26', '2019-06-24 04:48:26'),
(1136, 'a', 1, 284, '2019-06-24 04:48:26', '2019-06-24 04:48:26'),
(1137, 'had been', 1, 285, '2019-06-24 04:48:26', '2019-06-24 04:48:26'),
(1138, 'have been', 0, 285, '2019-06-24 04:48:26', '2019-06-24 04:48:26'),
(1139, 'was', 0, 285, '2019-06-24 04:48:26', '2019-06-24 04:48:26'),
(1140, 'are', 0, 285, '2019-06-24 04:48:26', '2019-06-24 04:48:26'),
(1141, 'if', 1, 286, '2019-06-24 04:48:26', '2019-06-24 04:48:26'),
(1142, 'but', 0, 286, '2019-06-24 04:48:26', '2019-06-24 04:48:26'),
(1143, 'and', 0, 286, '2019-06-24 04:48:26', '2019-06-24 04:48:26'),
(1144, 'because', 0, 286, '2019-06-24 04:48:26', '2019-06-24 04:48:26'),
(1145, 'To make', 0, 287, '2019-06-24 04:48:26', '2019-06-24 04:48:26'),
(1146, 'Made', 0, 287, '2019-06-24 04:48:26', '2019-06-24 04:48:26'),
(1147, 'Making', 1, 287, '2019-06-24 04:48:26', '2019-06-24 04:48:26'),
(1148, 'Having made', 0, 287, '2019-06-24 04:48:26', '2019-06-24 04:48:26'),
(1149, 'such', 0, 288, '2019-06-24 04:48:26', '2019-06-24 04:48:26'),
(1150, 'so', 0, 288, '2019-06-24 04:48:26', '2019-06-24 04:48:26'),
(1151, 'so much', 1, 288, '2019-06-24 04:48:26', '2019-06-24 04:48:26'),
(1152, 'so many', 0, 288, '2019-06-24 04:48:26', '2019-06-24 04:48:26'),
(1153, 'get', 0, 289, '2019-06-24 04:48:26', '2019-06-24 04:48:26'),
(1154, 'got', 1, 289, '2019-06-24 04:48:26', '2019-06-24 04:48:26'),
(1155, 'will get', 0, 289, '2019-06-24 04:48:26', '2019-06-24 04:48:26'),
(1156, 'have got', 0, 289, '2019-06-24 04:48:26', '2019-06-24 04:48:26'),
(1157, 'famous', 1, 290, '2019-06-24 04:48:26', '2019-06-24 04:48:26'),
(1158, 'notorious', 0, 290, '2019-06-24 04:48:26', '2019-06-24 04:48:26'),
(1159, 'generous', 0, 290, '2019-06-24 04:48:26', '2019-06-24 04:48:26'),
(1160, 'industrious', 0, 290, '2019-06-24 04:48:26', '2019-06-24 04:48:26'),
(1161, 'claimed', 1, 291, '2019-06-24 04:48:26', '2019-06-24 04:48:26'),
(1162, 'said', 0, 291, '2019-06-24 04:48:26', '2019-06-24 04:48:26'),
(1163, 'denied', 0, 291, '2019-06-24 04:48:26', '2019-06-24 04:48:26'),
(1164, 'reported', 0, 291, '2019-06-24 04:48:26', '2019-06-24 04:48:26'),
(1165, 'fall', 0, 292, '2019-06-24 04:48:26', '2019-06-24 04:48:26'),
(1166, 'collapsed', 0, 292, '2019-06-24 04:48:26', '2019-06-24 04:48:26'),
(1167, 'destroyed', 0, 292, '2019-06-24 04:48:26', '2019-06-24 04:48:26'),
(1168, 'fell', 1, 292, '2019-06-24 04:48:26', '2019-06-24 04:48:26'),
(1169, 'go', 0, 293, '2019-06-24 04:48:26', '2019-06-24 04:48:26'),
(1170, 'out', 0, 293, '2019-06-24 04:48:26', '2019-06-24 04:48:26'),
(1171, 'walking', 0, 293, '2019-06-24 04:48:26', '2019-06-24 04:48:26'),
(1172, 'going', 1, 293, '2019-06-24 04:48:26', '2019-06-24 04:48:26'),
(1173, 'sees', 0, 294, '2019-06-24 04:48:26', '2019-06-24 04:48:26'),
(1174, 'has seen', 0, 294, '2019-06-24 04:48:26', '2019-06-24 04:48:26'),
(1175, 'saw', 1, 294, '2019-06-24 04:48:26', '2019-06-24 04:48:26'),
(1176, 'is seeing', 0, 294, '2019-06-24 04:48:26', '2019-06-24 04:48:26'),
(1177, 'gamble', 0, 295, '2019-06-24 04:48:26', '2019-06-24 04:48:26'),
(1178, 'to gamble', 0, 295, '2019-06-24 04:48:26', '2019-06-24 04:48:26'),
(1179, 'gambling', 1, 295, '2019-06-24 04:48:26', '2019-06-24 04:48:26'),
(1180, 'the gamble', 0, 295, '2019-06-24 04:48:26', '2019-06-24 04:48:26'),
(1181, 'known', 0, 296, '2019-06-24 04:48:26', '2019-06-24 04:48:26'),
(1182, 'recognized', 0, 296, '2019-06-24 04:48:26', '2019-06-24 04:48:26'),
(1183, 'written', 0, 296, '2019-06-24 04:48:26', '2019-06-24 04:48:26'),
(1184, 'called', 1, 296, '2019-06-24 04:48:26', '2019-06-24 04:48:26'),
(1185, 'composes', 0, 297, '2019-06-24 04:48:26', '2019-06-24 04:48:26'),
(1186, 'contains', 0, 297, '2019-06-24 04:48:26', '2019-06-24 04:48:26'),
(1187, 'includes', 0, 297, '2019-06-24 04:48:26', '2019-06-24 04:48:26'),
(1188, 'consists', 1, 297, '2019-06-24 04:48:26', '2019-06-24 04:48:26'),
(1189, 'until', 0, 298, '2019-06-24 04:48:26', '2019-06-24 04:48:26'),
(1190, 'whether', 1, 298, '2019-06-24 04:48:26', '2019-06-24 04:48:26'),
(1191, 'while', 0, 298, '2019-06-24 04:48:26', '2019-06-24 04:48:26'),
(1192, 'though', 0, 298, '2019-06-24 04:48:26', '2019-06-24 04:48:26'),
(1193, 'ended', 0, 299, '2019-06-24 04:48:26', '2019-06-24 04:48:26'),
(1194, 'finished', 0, 299, '2019-06-24 04:48:26', '2019-06-24 04:48:26'),
(1195, 'was', 0, 299, '2019-06-24 04:48:26', '2019-06-24 04:48:26'),
(1196, 'lasted', 1, 299, '2019-06-24 04:48:26', '2019-06-24 04:48:26'),
(1197, 'It', 0, 300, '2019-06-24 04:48:26', '2019-06-24 04:48:26'),
(1198, 'There', 1, 300, '2019-06-24 04:48:26', '2019-06-24 04:48:26'),
(1199, 'He', 0, 300, '2019-06-24 04:48:26', '2019-06-24 04:48:26'),
(1200, 'Here', 0, 300, '2019-06-24 04:48:26', '2019-06-24 04:48:26');

-- --------------------------------------------------------

--
-- Table structure for table `categories`
--

CREATE TABLE `categories` (
  `id` int(10) UNSIGNED NOT NULL,
  `name` varchar(100) COLLATE utf8_unicode_ci NOT NULL,
  `created_at` timestamp NULL DEFAULT CURRENT_TIMESTAMP,
  `updated_at` timestamp NULL DEFAULT CURRENT_TIMESTAMP
) ENGINE=InnoDB DEFAULT CHARSET=utf8 COLLATE=utf8_unicode_ci;

--
-- Dumping data for table `categories`
--

INSERT INTO `categories` (`id`, `name`, `created_at`, `updated_at`) VALUES
(1, 'Trình độ A', '2019-06-24 04:28:17', '2019-06-24 04:28:17'),
(2, 'Trình độ B', '2019-06-24 04:28:25', '2019-06-24 04:28:25'),
(3, 'Trình độ C', '2019-06-24 04:28:30', '2019-06-24 04:28:30');

-- --------------------------------------------------------

--
-- Table structure for table `permissions`
--

CREATE TABLE `permissions` (
  `id` int(10) UNSIGNED NOT NULL,
  `type` varchar(50) COLLATE utf8_unicode_ci NOT NULL,
  `created_at` timestamp NULL DEFAULT NULL,
  `updated_at` timestamp NULL DEFAULT NULL
) ENGINE=InnoDB DEFAULT CHARSET=utf8 COLLATE=utf8_unicode_ci;

--
-- Dumping data for table `permissions`
--

INSERT INTO `permissions` (`id`, `type`, `created_at`, `updated_at`) VALUES
(1, 'Super Admin', '2019-03-15 02:52:39', '2019-03-15 02:52:39'),
(2, 'Admin', '2019-03-15 02:52:39', '2019-03-15 02:52:39'),
(3, 'Member', '2019-03-15 02:52:39', '2019-03-15 02:52:39');

-- --------------------------------------------------------

--
-- Table structure for table `questions`
--

CREATE TABLE `questions` (
  `id` int(10) UNSIGNED NOT NULL,
  `content` varchar(250) COLLATE utf8_unicode_ci NOT NULL,
  `note` varchar(100) COLLATE utf8_unicode_ci DEFAULT NULL,
  `id_category` int(10) UNSIGNED NOT NULL,
  `id_user` int(10) UNSIGNED NOT NULL,
  `created_at` timestamp NULL DEFAULT CURRENT_TIMESTAMP,
  `updated_at` timestamp NULL DEFAULT CURRENT_TIMESTAMP
) ENGINE=InnoDB DEFAULT CHARSET=utf8 COLLATE=utf8_unicode_ci;

--
-- Dumping data for table `questions`
--

INSERT INTO `questions` (`id`, `content`, `note`, `id_category`, `id_user`, `created_at`, `updated_at`) VALUES
(1, 'Is Susan _ home?', NULL, 1, 1, '2019-06-24 04:45:03', '2019-06-24 04:45:03'),
(2, '\"Do the children go to school every day?\" \"_\"', NULL, 1, 1, '2019-06-24 04:45:03', '2019-06-24 04:45:03'),
(3, 'What _ now?', NULL, 1, 1, '2019-06-24 04:45:03', '2019-06-24 04:45:03'),
(4, 'They always go to school _ bicycle.', NULL, 1, 1, '2019-06-24 04:45:03', '2019-06-24 04:45:03'),
(5, 'What color _ his new car?', NULL, 1, 1, '2019-06-24 04:45:03', '2019-06-24 04:45:03'),
(6, 'Are there many students in Room 12? - \"_\"', NULL, 1, 1, '2019-06-24 04:45:03', '2019-06-24 04:45:03'),
(7, 'You should do your _ before going to class.', NULL, 1, 1, '2019-06-24 04:45:03', '2019-06-24 04:45:03'),
(8, 'Mr. Pike _ us English.', NULL, 1, 1, '2019-06-24 04:45:03', '2019-06-24 04:45:03'),
(9, 'Tom and _ are going to the birthday party together.', NULL, 1, 1, '2019-06-24 04:45:03', '2019-06-24 04:45:03'),
(10, 'Our English lessons are _ long.', NULL, 1, 1, '2019-06-24 04:45:03', '2019-06-24 04:45:03'),
(11, 'Bangkok is _ capital of Thailand.', NULL, 1, 1, '2019-06-24 04:45:03', '2019-06-24 04:45:03'),
(12, 'Are you free _ Saturday?', NULL, 1, 1, '2019-06-24 04:45:03', '2019-06-24 04:45:03'),
(13, 'There are _ girls in our class.', NULL, 1, 1, '2019-06-24 04:45:03', '2019-06-24 04:45:03'),
(14, 'Let _ go for a walk.', NULL, 1, 1, '2019-06-24 04:45:03', '2019-06-24 04:45:03'),
(15, 'What is your name? - _ name is Linda.', NULL, 1, 1, '2019-06-24 04:45:03', '2019-06-24 04:45:03'),
(16, 'What\'s _ name? - His name is Henry.', NULL, 1, 1, '2019-06-24 04:45:03', '2019-06-24 04:45:03'),
(17, 'I\'m a pupil. - I\'m a _, too.', NULL, 1, 1, '2019-06-24 04:45:03', '2019-06-24 04:45:03'),
(18, 'Is this your pencil? No, it isn\'t. It is _ pencil.', NULL, 1, 1, '2019-06-24 04:45:03', '2019-06-24 04:45:03'),
(19, 'Are these your coats? Yes they are _', NULL, 1, 1, '2019-06-24 04:45:03', '2019-06-24 04:45:03'),
(20, 'Are your free _ Friday evening?', NULL, 1, 1, '2019-06-24 04:45:03', '2019-06-24 04:45:03'),
(21, 'There are six pencils _ the box.', NULL, 1, 1, '2019-06-24 04:45:03', '2019-06-24 04:45:03'),
(22, 'Where is your mother? She\'s _ the kitchen.', NULL, 1, 1, '2019-06-24 04:45:03', '2019-06-24 04:45:03'),
(23, 'How many pictures are there _ the wall?', NULL, 1, 1, '2019-06-24 04:45:03', '2019-06-24 04:45:03'),
(24, 'Are you _ Vietnam? - Yes, I am.', NULL, 1, 1, '2019-06-24 04:45:03', '2019-06-24 04:45:03'),
(25, 'I\'m cleaning the floor. Can your help _?', NULL, 1, 1, '2019-06-24 04:45:03', '2019-06-24 04:45:03'),
(26, 'What are you doing? - _ are planting some trees.', NULL, 1, 1, '2019-06-24 04:45:03', '2019-06-24 04:45:03'),
(27, 'Mary is doing her homework and _ brother is helping her.', NULL, 1, 1, '2019-06-24 04:45:03', '2019-06-24 04:45:03'),
(28, 'Jane\'s books are on the floor. Please, put _ on the table.', NULL, 1, 1, '2019-06-24 04:45:03', '2019-06-24 04:45:03'),
(29, 'Please put this pencil in the box. - I\'m putting _ in the box.', NULL, 1, 1, '2019-06-24 04:45:03', '2019-06-24 04:45:03'),
(30, 'When\'s _ birthday?', NULL, 1, 1, '2019-06-24 04:45:03', '2019-06-24 04:45:03'),
(31, 'Whose bicycle is it? It\'s _', NULL, 1, 1, '2019-06-24 04:45:03', '2019-06-24 04:45:03'),
(32, 'How old is _?', NULL, 1, 1, '2019-06-24 04:45:03', '2019-06-24 04:45:03'),
(33, 'There are _ eggs on the table.', NULL, 1, 1, '2019-06-24 04:45:03', '2019-06-24 04:45:03'),
(34, 'Is there _ cheese on the table?', NULL, 1, 1, '2019-06-24 04:45:03', '2019-06-24 04:45:03'),
(35, 'How _ cakes does she want?', NULL, 1, 1, '2019-06-24 04:45:03', '2019-06-24 04:45:03'),
(36, 'Peter doesn\'t want _ eggs, but he wants some soup.', NULL, 1, 1, '2019-06-24 04:45:03', '2019-06-24 04:45:03'),
(37, 'There is _ milk in the glass.', NULL, 1, 1, '2019-06-24 04:45:03', '2019-06-24 04:45:03'),
(38, 'How _ meat do you want?', NULL, 1, 1, '2019-06-24 04:45:03', '2019-06-24 04:45:03'),
(39, 'There isn\'t _ coffee in the cup.', NULL, 1, 1, '2019-06-24 04:45:03', '2019-06-24 04:45:03'),
(40, 'They want _ coffee, but they don\'t want any bread.', NULL, 1, 1, '2019-06-24 04:45:03', '2019-06-24 04:45:03'),
(41, 'Is this your pencil? No, it isn\'t. It\'s _ pencil.', NULL, 1, 1, '2019-06-24 04:45:03', '2019-06-24 04:45:03'),
(42, '_ parents are workers.', NULL, 1, 1, '2019-06-24 04:45:03', '2019-06-24 04:45:03'),
(43, 'This is my new shirt. - Oh, _ color is pretty.', NULL, 1, 1, '2019-06-24 04:45:03', '2019-06-24 04:45:03'),
(44, 'He is _ engineer.', NULL, 1, 1, '2019-06-24 04:45:03', '2019-06-24 04:45:03'),
(45, 'Your sister is a student and his sister is a student, _', NULL, 1, 1, '2019-06-24 04:45:03', '2019-06-24 04:45:03'),
(46, 'My brother is 6.68 m _', NULL, 1, 1, '2019-06-24 04:45:03', '2019-06-24 04:45:03'),
(47, 'My mother is 32 and my father is 43. My mother is younger _ my father.', NULL, 1, 1, '2019-06-24 04:45:03', '2019-06-24 04:45:03'),
(48, 'I am _ teacher.', NULL, 1, 1, '2019-06-24 04:45:03', '2019-06-24 04:45:03'),
(49, 'My uncle is _ good engineer.', NULL, 1, 1, '2019-06-24 04:45:03', '2019-06-24 04:45:03'),
(50, 'That is _ eraser.', NULL, 1, 1, '2019-06-24 04:45:03', '2019-06-24 04:45:03'),
(51, 'We are both _ doctors.', NULL, 1, 1, '2019-06-24 04:45:03', '2019-06-24 04:45:03'),
(52, 'This is _ ink pot.', NULL, 1, 1, '2019-06-24 04:45:03', '2019-06-24 04:45:03'),
(53, 'They are _ tall.', NULL, 1, 1, '2019-06-24 04:45:03', '2019-06-24 04:45:03'),
(54, 'Hoa is _ good pupil.', NULL, 1, 1, '2019-06-24 04:45:03', '2019-06-24 04:45:03'),
(55, 'That is a bag. It is on _ table.', NULL, 1, 1, '2019-06-24 04:45:03', '2019-06-24 04:45:03'),
(56, 'We are in _ same class.', NULL, 1, 1, '2019-06-24 04:45:03', '2019-06-24 04:45:03'),
(57, 'Your book is _ the desk.', NULL, 1, 1, '2019-06-24 04:45:03', '2019-06-24 04:45:03'),
(58, 'My pens and pencils are _ the table.', NULL, 1, 1, '2019-06-24 04:45:03', '2019-06-24 04:45:03'),
(59, 'My family\'s picture is _ the wall.', NULL, 1, 1, '2019-06-24 04:45:03', '2019-06-24 04:45:03'),
(60, 'Lan and Lien are _ the desk.', NULL, 1, 1, '2019-06-24 04:45:03', '2019-06-24 04:45:03'),
(61, 'No ink is _ the pot.', NULL, 1, 1, '2019-06-24 04:45:03', '2019-06-24 04:45:03'),
(62, 'We are _ work.', NULL, 1, 1, '2019-06-24 04:45:03', '2019-06-24 04:45:03'),
(63, 'The cat is _ the dog and the mouse.', NULL, 1, 1, '2019-06-24 04:45:03', '2019-06-24 04:45:03'),
(64, 'His house is _ the park.', NULL, 1, 1, '2019-06-24 04:45:03', '2019-06-24 04:45:03'),
(65, 'Tom is not my teacher but he is a friend of _', NULL, 1, 1, '2019-06-24 04:45:03', '2019-06-24 04:45:03'),
(66, 'Is that ruler yours or______? - It\'s _, not mine.', NULL, 1, 1, '2019-06-24 04:45:03', '2019-06-24 04:45:03'),
(67, 'Who is that? It\'s _ sister. - _ name is Anne.', NULL, 1, 1, '2019-06-24 04:45:03', '2019-06-24 04:45:03'),
(68, 'This is John. He is a friend of _ His wife is also _ friend.', NULL, 1, 1, '2019-06-24 04:45:03', '2019-06-24 04:45:03'),
(69, 'Tom and Paul are _ good friends. _ are very kind to us.', NULL, 1, 1, '2019-06-24 04:45:03', '2019-06-24 04:45:03'),
(70, 'The teacher is speaking. We must _ to her.', NULL, 1, 1, '2019-06-24 04:45:03', '2019-06-24 04:45:03'),
(71, 'Nam is 1.7 m tall. His brother is 1.4 m tall. His brother is _', NULL, 1, 1, '2019-06-24 04:45:03', '2019-06-24 04:45:03'),
(72, 'That book is not mine. It is _, I think.', NULL, 1, 1, '2019-06-24 04:45:03', '2019-06-24 04:45:03'),
(73, 'Who is that? - It is _', NULL, 1, 1, '2019-06-24 04:45:03', '2019-06-24 04:45:03'),
(74, 'What is the weather like today? It\'s _ today.', NULL, 1, 1, '2019-06-24 04:45:03', '2019-06-24 04:45:03'),
(75, 'How are you? I am _, thanks.', NULL, 1, 1, '2019-06-24 04:45:03', '2019-06-24 04:45:03'),
(76, 'My father is a doctor. Lan\'s father is a doctor, too. They are _ doctors.', NULL, 1, 1, '2019-06-24 04:45:03', '2019-06-24 04:45:03'),
(77, 'Oh, look at that cat. _ is very nice _ tail is very long and nice.', NULL, 1, 1, '2019-06-24 04:45:03', '2019-06-24 04:45:03'),
(78, 'This is our classroom, not Bob\'s. _ classroom is over there. _ isn\'t in the classroom now.', NULL, 1, 1, '2019-06-24 04:45:03', '2019-06-24 04:45:03'),
(79, 'These are Bob and Boom. These books are not _ . _ are in the desk.', NULL, 1, 1, '2019-06-24 04:45:03', '2019-06-24 04:45:03'),
(80, '_ house is big but _ is small.', NULL, 1, 1, '2019-06-24 04:45:03', '2019-06-24 04:45:03'),
(81, 'The Bakers _ English.', NULL, 1, 1, '2019-06-24 04:45:03', '2019-06-24 04:45:03'),
(82, 'Let us _ to school.', NULL, 1, 1, '2019-06-24 04:45:03', '2019-06-24 04:45:03'),
(83, 'Where are Kate and Jane? - They _ English exercises in the classroom.', NULL, 1, 1, '2019-06-24 04:45:03', '2019-06-24 04:45:03'),
(84, 'Tom and Mary are pupils but Ann _', NULL, 1, 1, '2019-06-24 04:45:03', '2019-06-24 04:45:03'),
(85, 'What _ the Bakers _ at the moment?', NULL, 1, 1, '2019-06-24 04:45:03', '2019-06-24 04:45:03'),
(86, 'How _ your parents?', NULL, 1, 1, '2019-06-24 04:45:03', '2019-06-24 04:45:03'),
(87, 'What _ the weather like today?', NULL, 1, 1, '2019-06-24 04:45:03', '2019-06-24 04:45:03'),
(88, 'It _ very hot yesterday.', NULL, 1, 1, '2019-06-24 04:45:03', '2019-06-24 04:45:03'),
(89, 'My daughter is a teacher. My wife is a teacher, too. They _ both teachers.', NULL, 1, 1, '2019-06-24 04:45:03', '2019-06-24 04:45:03'),
(90, 'Ben and Jim are _', NULL, 1, 1, '2019-06-24 04:45:03', '2019-06-24 04:45:03'),
(91, 'What _ is it? It\'s half past six.', NULL, 1, 1, '2019-06-24 04:45:03', '2019-06-24 04:45:03'),
(92, 'How many _ are there on the ceiling?', NULL, 1, 1, '2019-06-24 04:45:03', '2019-06-24 04:45:03'),
(93, 'How many erasers are there on her _?', NULL, 1, 1, '2019-06-24 04:45:03', '2019-06-24 04:45:03'),
(94, 'What\'s your sister doing? She\'s _ a book.', NULL, 1, 1, '2019-06-24 04:45:03', '2019-06-24 04:45:03'),
(95, 'The _ shoes are Peter\'s.', NULL, 1, 1, '2019-06-24 04:45:03', '2019-06-24 04:45:03'),
(96, 'Your _ are new, Hung.', NULL, 1, 1, '2019-06-24 04:45:03', '2019-06-24 04:45:03'),
(97, 'There are _ boys in our class.', NULL, 1, 1, '2019-06-24 04:45:03', '2019-06-24 04:45:03'),
(98, 'John is a good worker: He works very _.', NULL, 1, 1, '2019-06-24 04:45:03', '2019-06-24 04:45:03'),
(99, 'Shall _ go for a walk?', NULL, 1, 1, '2019-06-24 04:45:03', '2019-06-24 04:45:03'),
(100, 'It is a quarter _ one.', NULL, 1, 1, '2019-06-24 04:45:03', '2019-06-24 04:45:03'),
(101, 'The new proposals for students loans should be ______', NULL, 2, 1, '2019-06-24 04:46:43', '2019-06-24 04:46:43'),
(102, 'The clerk had to ______ the conversation to wait on a customer.', NULL, 2, 1, '2019-06-24 04:46:43', '2019-06-24 04:46:43'),
(103, 'She couldn\'t skate then ______ her foot problem.', NULL, 2, 1, '2019-06-24 04:46:43', '2019-06-24 04:46:43'),
(104, 'This time next week they ______ to London.', NULL, 2, 1, '2019-06-24 04:46:43', '2019-06-24 04:46:43'),
(105, 'Now, let\'s ______ the original with the copy.', NULL, 2, 1, '2019-06-24 04:46:43', '2019-06-24 04:46:43'),
(106, 'Peter won\'t be home for ______ dinner this evening.', NULL, 2, 1, '2019-06-24 04:46:43', '2019-06-24 04:46:43'),
(107, 'Let me ______ a look at this picture.', NULL, 2, 1, '2019-06-24 04:46:43', '2019-06-24 04:46:43'),
(108, 'My mother is always complaining about ______ us from school.', NULL, 2, 1, '2019-06-24 04:46:43', '2019-06-24 04:46:43'),
(109, 'Something ______ right in what he says.', NULL, 2, 1, '2019-06-24 04:46:43', '2019-06-24 04:46:43'),
(110, 'A lot of people left school at 16 and they now ______ leaving so early.', NULL, 2, 1, '2019-06-24 04:46:43', '2019-06-24 04:46:43'),
(111, 'Can you tell Jack I ______ in a little late?', NULL, 2, 1, '2019-06-24 04:46:43', '2019-06-24 04:46:43'),
(112, 'This man was defeated in the elections. He was ______', NULL, 2, 1, '2019-06-24 04:46:43', '2019-06-24 04:46:43'),
(113, 'Please ______ more slowly.', NULL, 2, 1, '2019-06-24 04:46:43', '2019-06-24 04:46:43'),
(114, 'We ______ what the weather’s going to be like next Sunday.', NULL, 2, 1, '2019-06-24 04:46:43', '2019-06-24 04:46:43'),
(115, 'We shouldn\'t ______ them what they want.', NULL, 2, 1, '2019-06-24 04:46:43', '2019-06-24 04:46:43'),
(116, 'I didn’t recognize the man until he turned round to ______ me.', NULL, 2, 1, '2019-06-24 04:46:43', '2019-06-24 04:46:43'),
(117, 'How about ______. to Nha Trang?', NULL, 2, 1, '2019-06-24 04:46:43', '2019-06-24 04:46:43'),
(118, 'He did everything he could to attract her ______. : shouted, whistled, waved his arms-but she still didn’t see him.', NULL, 2, 1, '2019-06-24 04:46:43', '2019-06-24 04:46:43'),
(119, 'Remember ______ the door before going to bed.', NULL, 2, 1, '2019-06-24 04:46:43', '2019-06-24 04:46:43'),
(120, 'Mary was______. with friends at school because she always made them laugh.', NULL, 2, 1, '2019-06-24 04:46:43', '2019-06-24 04:46:43'),
(121, 'I am expected ______ the result of last exam.', NULL, 2, 1, '2019-06-24 04:46:43', '2019-06-24 04:46:43'),
(122, 'The boy’s teachers______ him to improve his drawing.', NULL, 2, 1, '2019-06-24 04:46:43', '2019-06-24 04:46:43'),
(123, 'If you didn\'t follow his advice, you ______ a fool.', NULL, 2, 1, '2019-06-24 04:46:43', '2019-06-24 04:46:43'),
(124, '______. you do, please don’t go too near the edge of the cliff.', NULL, 2, 1, '2019-06-24 04:46:43', '2019-06-24 04:46:43'),
(125, 'Nancy talks as if she ______ everything.', NULL, 2, 1, '2019-06-24 04:46:43', '2019-06-24 04:46:43'),
(126, 'Jane looks ______. she’s been pulled through a hedge backwards!', NULL, 2, 1, '2019-06-24 04:46:43', '2019-06-24 04:46:43'),
(127, 'His father was so angry that he didn\'t dare ______', NULL, 2, 1, '2019-06-24 04:46:43', '2019-06-24 04:46:43'),
(128, 'She’s been gazing out of the window______.since it started to snow.', NULL, 2, 1, '2019-06-24 04:46:43', '2019-06-24 04:46:43'),
(129, 'Many things which we can do now couldn\'t ______ years ago.', NULL, 2, 1, '2019-06-24 04:46:43', '2019-06-24 04:46:43'),
(130, 'He______ possibly be Charles’ father! He doesn’t look old enough.', NULL, 2, 1, '2019-06-24 04:46:43', '2019-06-24 04:46:43'),
(131, 'She would play well if she ______ more.', NULL, 2, 1, '2019-06-24 04:46:43', '2019-06-24 04:46:43'),
(132, '“I think we’d better bring John ______. this discussion.” the teacher said. “He’s got a lot of experience in this field.”', NULL, 2, 1, '2019-06-24 04:46:43', '2019-06-24 04:46:43'),
(133, 'Tell me what you ______ on the way to school this morning.', NULL, 2, 1, '2019-06-24 04:46:43', '2019-06-24 04:46:43'),
(134, 'We shall always ______. not going on a trip to London when we had the chance.', NULL, 2, 1, '2019-06-24 04:46:43', '2019-06-24 04:46:43'),
(135, 'She ______ eating since they arrived.', NULL, 2, 1, '2019-06-24 04:46:43', '2019-06-24 04:46:43'),
(136, 'The old clown was in a ______.sight, standing there with tears running down his cheeks.', NULL, 2, 1, '2019-06-24 04:46:43', '2019-06-24 04:46:43'),
(137, 'You ______ better stay at home so as not to give flu to others.', NULL, 2, 1, '2019-06-24 04:46:43', '2019-06-24 04:46:43'),
(138, 'Since the time the prices ______ considerable.', NULL, 2, 1, '2019-06-24 04:46:43', '2019-06-24 04:46:43'),
(139, 'They were very strict. They wouldn\'t let her daughter ______ back home after 10 p.m.', NULL, 2, 1, '2019-06-24 04:46:43', '2019-06-24 04:46:43'),
(140, 'He wishes she ______ to him before she went and bought that house.', NULL, 2, 1, '2019-06-24 04:46:43', '2019-06-24 04:46:43'),
(141, 'I bought a computer. My son often played games and didn\'t learn his lessons. I wish I ______ it.', NULL, 2, 1, '2019-06-24 04:46:43', '2019-06-24 04:46:43'),
(142, 'There was nothing for it______ to get off the bus and walk back home.', NULL, 2, 1, '2019-06-24 04:46:43', '2019-06-24 04:46:43'),
(143, 'His mother makes him ______ English harder.', NULL, 2, 1, '2019-06-24 04:46:43', '2019-06-24 04:46:43'),
(144, '______ my opinion, we should reorganize the whole company.', NULL, 2, 1, '2019-06-24 04:46:43', '2019-06-24 04:46:43'),
(145, 'When he was young, he used to ______ camping with his friends.', NULL, 2, 1, '2019-06-24 04:46:43', '2019-06-24 04:46:43'),
(146, 'His grandmother was suddenly______ ill during the night and died the following afternoon.', NULL, 2, 1, '2019-06-24 04:46:43', '2019-06-24 04:46:43'),
(147, 'When I first visited Moscow, I couldn\'t get used ______ the cold weather.', NULL, 2, 1, '2019-06-24 04:46:43', '2019-06-24 04:46:43'),
(148, 'He can’t stop. He’s______his way to a very important meeting.', NULL, 2, 1, '2019-06-24 04:46:43', '2019-06-24 04:46:43'),
(149, 'You needn\'t ______ back again!', NULL, 2, 1, '2019-06-24 04:46:43', '2019-06-24 04:46:43'),
(150, 'Her teachers were ______ that she passed the examination.', NULL, 2, 1, '2019-06-24 04:46:43', '2019-06-24 04:46:43'),
(151, 'They insisted she ______ the party.', NULL, 2, 1, '2019-06-24 04:46:43', '2019-06-24 04:46:43'),
(152, 'Look! The people over there ______ in a queue ______ for their turn.', NULL, 2, 1, '2019-06-24 04:46:43', '2019-06-24 04:46:43'),
(153, 'The boys speak English ______', NULL, 2, 1, '2019-06-24 04:46:43', '2019-06-24 04:46:43'),
(154, 'Their hosts______ them a very warm welcome.', NULL, 2, 1, '2019-06-24 04:46:43', '2019-06-24 04:46:43'),
(155, 'Tuition at this University runs ______ one thousand pounds a semester.', NULL, 2, 1, '2019-06-24 04:46:43', '2019-06-24 04:46:43'),
(156, 'Hello! - Oh, I’m awfully sorry. I______ you for a close friend of mine.', NULL, 2, 1, '2019-06-24 04:46:43', '2019-06-24 04:46:43'),
(157, 'Tell me ______. you are looking for and I will try to help you.', NULL, 2, 1, '2019-06-24 04:46:43', '2019-06-24 04:46:43'),
(158, 'Could you hold the ladder ______while I climb up and pick the coconuts?', NULL, 2, 1, '2019-06-24 04:46:43', '2019-06-24 04:46:43'),
(159, 'You\'d better drink more water, ______?', NULL, 2, 1, '2019-06-24 04:46:43', '2019-06-24 04:46:43'),
(160, 'Can you ______. The results of the coming general elections?', NULL, 2, 1, '2019-06-24 04:46:43', '2019-06-24 04:46:43'),
(161, 'Some people are used to ______ bicycle trips to the countryside every Sunday.', NULL, 2, 1, '2019-06-24 04:46:43', '2019-06-24 04:46:43'),
(162, 'We can’t go wrong if we______ the instructions.', NULL, 2, 1, '2019-06-24 04:46:43', '2019-06-24 04:46:43'),
(163, 'Why do you always believe in everything ______ he says?', NULL, 2, 1, '2019-06-24 04:46:44', '2019-06-24 04:46:44'),
(164, 'One of the reasons why the French wished to establish colonies in the New World ______ some of them wanted to escape religious persecution at home.', NULL, 2, 1, '2019-06-24 04:46:44', '2019-06-24 04:46:44'),
(165, 'I usually like history, but I didn\'t care for the ______ last year. We did nineteenth century European history. It was boring.', NULL, 2, 1, '2019-06-24 04:46:44', '2019-06-24 04:46:44'),
(166, 'If you see Daisy, ______. you mind ______ her to meet me?', NULL, 2, 1, '2019-06-24 04:46:44', '2019-06-24 04:46:44'),
(167, 'I wish I knew the girl ______ Daisy is talking to.', NULL, 2, 1, '2019-06-24 04:46:44', '2019-06-24 04:46:44'),
(168, 'Dick ______ for Singapore as soon as he______about your accident.', NULL, 2, 1, '2019-06-24 04:46:44', '2019-06-24 04:46:44'),
(169, 'If he ______, please wake me up.', NULL, 2, 1, '2019-06-24 04:46:44', '2019-06-24 04:46:44'),
(170, 'We think that we will elect Mr. Brown ______.', NULL, 2, 1, '2019-06-24 04:46:44', '2019-06-24 04:46:44'),
(171, 'The building ______ they built last year was damaged by the storm last night.', NULL, 2, 1, '2019-06-24 04:46:44', '2019-06-24 04:46:44'),
(172, '______at 3 p.m, John was thought ______ the suspect.', NULL, 2, 1, '2019-06-24 04:46:44', '2019-06-24 04:46:44'),
(173, 'Some of my friends are taking extra classes in English ______ become tourist guides.', NULL, 2, 1, '2019-06-24 04:46:44', '2019-06-24 04:46:44'),
(174, 'His explanation______ reasonable.', NULL, 2, 1, '2019-06-24 04:46:44', '2019-06-24 04:46:44'),
(175, 'Do you know the name of the restaurant ______ we had dinner in last night?', NULL, 2, 1, '2019-06-24 04:46:44', '2019-06-24 04:46:44'),
(176, '“Come______.with us next Saturday”, said Jack.', NULL, 2, 1, '2019-06-24 04:46:44', '2019-06-24 04:46:44'),
(177, 'In a fortnight, there are ______ days.', NULL, 2, 1, '2019-06-24 04:46:44', '2019-06-24 04:46:44'),
(178, 'Although the fire lasted about two and half hours, nobody ______', NULL, 2, 1, '2019-06-24 04:46:44', '2019-06-24 04:46:44'),
(179, 'The swamp contained ______ thousands of fish.', NULL, 2, 1, '2019-06-24 04:46:44', '2019-06-24 04:46:44'),
(180, '“What happened to Mark’s arms?” “He ______ in the Second World War.”', NULL, 2, 1, '2019-06-24 04:46:44', '2019-06-24 04:46:44'),
(181, 'This is a photograph of our friends ______ went on holiday last week.', NULL, 2, 1, '2019-06-24 04:46:44', '2019-06-24 04:46:44'),
(182, 'Ms Elan, ______ her house on fire, managed to save something.', NULL, 2, 1, '2019-06-24 04:46:44', '2019-06-24 04:46:44'),
(183, 'Smoke from factories is a kind of ______', NULL, 2, 1, '2019-06-24 04:46:44', '2019-06-24 04:46:44'),
(184, 'John is sixteen years old, but Mary, his sister, is only eight.', NULL, 2, 1, '2019-06-24 04:46:44', '2019-06-24 04:46:44'),
(185, 'The flight ______ he wanted to travel on, was exploded.', NULL, 2, 1, '2019-06-24 04:46:44', '2019-06-24 04:46:44'),
(186, 'Michael and his friend were badly injured in the last match, so______can play today.', NULL, 2, 1, '2019-06-24 04:46:44', '2019-06-24 04:46:44'),
(187, 'The little girl is afraid of seeing the doctor ______. makes her take medicine.', NULL, 2, 1, '2019-06-24 04:46:44', '2019-06-24 04:46:44'),
(188, 'Mary put a ______. on the letter.', NULL, 2, 1, '2019-06-24 04:46:44', '2019-06-24 04:46:44'),
(189, 'The present ______ Lan sent me last week is very nice.', NULL, 2, 1, '2019-06-24 04:46:44', '2019-06-24 04:46:44'),
(190, 'Somebody once ______ Mark Twain whether he ______ remember the first money he ever______', NULL, 2, 1, '2019-06-24 04:46:44', '2019-06-24 04:46:44'),
(191, 'Ten pupils, none of ______ got good marks, took last examination.', NULL, 2, 1, '2019-06-24 04:46:44', '2019-06-24 04:46:44'),
(192, 'Charlie is very ______ irritated by loud noises.', NULL, 2, 1, '2019-06-24 04:46:44', '2019-06-24 04:46:44'),
(193, 'Take two ______ of this medicine after each meal.', NULL, 2, 1, '2019-06-24 04:46:44', '2019-06-24 04:46:44'),
(194, 'They______.for Canada tomorrow.', NULL, 2, 1, '2019-06-24 04:46:44', '2019-06-24 04:46:44'),
(195, 'The child stared at the posters ______ ______ was very beautiful.', NULL, 2, 1, '2019-06-24 04:46:44', '2019-06-24 04:46:44'),
(196, 'Charts______to the navigation of a ship.', NULL, 2, 1, '2019-06-24 04:46:44', '2019-06-24 04:46:44'),
(197, 'There was a wood ______ they spent a pleasant day.', NULL, 2, 1, '2019-06-24 04:46:44', '2019-06-24 04:46:44'),
(198, 'Their houses are on the same hill. His is______ hers.', NULL, 2, 1, '2019-06-24 04:46:44', '2019-06-24 04:46:44'),
(199, 'Politicians often write their ______ at the end of their careers.', NULL, 2, 1, '2019-06-24 04:46:44', '2019-06-24 04:46:44'),
(200, 'We quarreled ______the choice of a house.', NULL, 2, 1, '2019-06-24 04:46:44', '2019-06-24 04:46:44'),
(201, 'I read in the newspaper that there has just been a ______ against the government in Transylvania.', NULL, 3, 1, '2019-06-24 04:48:25', '2019-06-24 04:48:25'),
(202, 'You have to be rich to send your child to a private school because the fees are ______', NULL, 3, 1, '2019-06-24 04:48:25', '2019-06-24 04:48:25'),
(203, 'Does that newspaper ______ the government or oppose it?', NULL, 3, 1, '2019-06-24 04:48:25', '2019-06-24 04:48:25'),
(204, 'It’s distressing to see small children ______ in the streets.', NULL, 3, 1, '2019-06-24 04:48:25', '2019-06-24 04:48:25'),
(205, 'You’ll get a free month’s subscription ______ you renew your membership by the end of January.', NULL, 3, 1, '2019-06-24 04:48:25', '2019-06-24 04:48:25'),
(206, 'Most of my friends are ______ reporters.', NULL, 3, 1, '2019-06-24 04:48:25', '2019-06-24 04:48:25'),
(207, 'The electorate will not easily forgive the government for failing to fulfill its ____________.', NULL, 3, 1, '2019-06-24 04:48:25', '2019-06-24 04:48:25'),
(208, 'Mark Twain is a famous American ______', NULL, 3, 1, '2019-06-24 04:48:25', '2019-06-24 04:48:25'),
(209, 'The ship broke ______ and the people were drowned.', NULL, 3, 1, '2019-06-24 04:48:25', '2019-06-24 04:48:25'),
(210, '______ I have a car, I prefer to travel by train.', NULL, 3, 1, '2019-06-24 04:48:25', '2019-06-24 04:48:25'),
(211, 'My brother sang ______of all the pupils of the group.', NULL, 3, 1, '2019-06-24 04:48:25', '2019-06-24 04:48:25'),
(212, 'I wish he ______ change his minds so often!', NULL, 3, 1, '2019-06-24 04:48:25', '2019-06-24 04:48:25'),
(213, 'Doctors advise people being deficient ______ Vitamin C to eat more fruit and vegetables.', NULL, 3, 1, '2019-06-24 04:48:25', '2019-06-24 04:48:25'),
(214, 'Because I am terrified of ______ spaces, I never go in lifts.', NULL, 3, 1, '2019-06-24 04:48:25', '2019-06-24 04:48:25'),
(215, 'In a four-hour operation, surgeons managed to sew the girl’s ______ hand back on.', NULL, 3, 1, '2019-06-24 04:48:25', '2019-06-24 04:48:25'),
(216, 'Even though I hadn’t spoken English for many years, I picked it ______ again after a few weeks.', NULL, 3, 1, '2019-06-24 04:48:25', '2019-06-24 04:48:25'),
(217, '“You haven’t eaten anything since yesterday evening. You ______ be really hungry!” “I am.”', NULL, 3, 1, '2019-06-24 04:48:25', '2019-06-24 04:48:25'),
(218, 'Do most of the people who live along the shores of ______ earn a living ______?', NULL, 3, 1, '2019-06-24 04:48:25', '2019-06-24 04:48:25'),
(219, 'I like books on literature ______', NULL, 3, 1, '2019-06-24 04:48:25', '2019-06-24 04:48:25'),
(220, 'It is no use ______ to school if you ______ to work hard.', NULL, 3, 1, '2019-06-24 04:48:25', '2019-06-24 04:48:25'),
(221, 'There were many big trees, between me and the river and now they all fell down ______ into the water.', NULL, 3, 1, '2019-06-24 04:48:25', '2019-06-24 04:48:25'),
(222, '\"It seems he\'s driving more carefully now.\" \"Yes, after ______ three times for speeding.\"', NULL, 3, 1, '2019-06-24 04:48:25', '2019-06-24 04:48:25'),
(223, 'But I could not stay on the tree all my life and I began to make a plan ______get away.', NULL, 3, 1, '2019-06-24 04:48:25', '2019-06-24 04:48:25'),
(224, 'Active: The teacher is questioning him in class. (Change into Passive voice)', NULL, 3, 1, '2019-06-24 04:48:25', '2019-06-24 04:48:25'),
(225, 'Last year I was ______ to be invited to visit Hanoi.', NULL, 3, 1, '2019-06-24 04:48:25', '2019-06-24 04:48:25'),
(226, 'Upon returning from class, ______', NULL, 3, 1, '2019-06-24 04:48:25', '2019-06-24 04:48:25'),
(227, 'She is not doing ______ in the garden, just walking about the place.', NULL, 3, 1, '2019-06-24 04:48:25', '2019-06-24 04:48:25'),
(228, '______ recent times, the discipline of biology has expanded rapidly into a variety of subdisciplines.', NULL, 3, 1, '2019-06-24 04:48:25', '2019-06-24 04:48:25'),
(229, 'The child always keeps his hands and face ______', NULL, 3, 1, '2019-06-24 04:48:25', '2019-06-24 04:48:25'),
(230, 'He found his trousers but ______ clean.', NULL, 3, 1, '2019-06-24 04:48:25', '2019-06-24 04:48:25'),
(231, 'At the party, he drank ______', NULL, 3, 1, '2019-06-24 04:48:25', '2019-06-24 04:48:25'),
(232, 'The incidence of anorexia nervosa, ______, is growing in industrially advanced societies.', NULL, 3, 1, '2019-06-24 04:48:25', '2019-06-24 04:48:25'),
(233, 'I don’t know how many of ______ books among these are his.', NULL, 3, 1, '2019-06-24 04:48:25', '2019-06-24 04:48:25'),
(234, 'On the battlefield of Waterloo, about 45,000 men were left ______', NULL, 3, 1, '2019-06-24 04:48:25', '2019-06-24 04:48:25'),
(235, 'The old man is both deaf and dumb. He can ______ understand us.', NULL, 3, 1, '2019-06-24 04:48:25', '2019-06-24 04:48:25'),
(236, 'I couldn\'t make coffee for everybody. There weren\'t ______', NULL, 3, 1, '2019-06-24 04:48:25', '2019-06-24 04:48:25'),
(237, 'I read an interesting ______ in the paper the other day.', NULL, 3, 1, '2019-06-24 04:48:25', '2019-06-24 04:48:25'),
(238, 'We were made ______ all the cleaning in the house.', NULL, 3, 1, '2019-06-24 04:48:25', '2019-06-24 04:48:25'),
(239, 'I’ve only had time to read the ______ in the morning’s paper.', NULL, 3, 1, '2019-06-24 04:48:25', '2019-06-24 04:48:25'),
(240, '______, a brick fell on his head.', NULL, 3, 1, '2019-06-24 04:48:25', '2019-06-24 04:48:25'),
(241, 'We ______ to shop off in Singapore but the airplane changed the arrangements at the last minute.', NULL, 3, 1, '2019-06-24 04:48:25', '2019-06-24 04:48:25'),
(242, 'A main clause is sometimes called a ______ clause.', NULL, 3, 1, '2019-06-24 04:48:25', '2019-06-24 04:48:25'),
(243, 'I wish I ______ more about the logistics of the expedition.', NULL, 3, 1, '2019-06-24 04:48:25', '2019-06-24 04:48:25'),
(244, '\"______ children like ice-cream.\" \"That\'s quite natural.\"', NULL, 3, 1, '2019-06-24 04:48:25', '2019-06-24 04:48:25'),
(245, 'I felt as if I ______ a confidence.', NULL, 3, 1, '2019-06-24 04:48:25', '2019-06-24 04:48:25'),
(246, 'Nearly all of the reporters ______ the press conference had questions ______', NULL, 3, 1, '2019-06-24 04:48:25', '2019-06-24 04:48:25'),
(247, 'The burglar was sentenced to 20 years in ______', NULL, 3, 1, '2019-06-24 04:48:25', '2019-06-24 04:48:25'),
(248, 'They have been married for ten years but they have no children. They\'re a ______ couple.', NULL, 3, 1, '2019-06-24 04:48:25', '2019-06-24 04:48:25'),
(249, 'He’s a ______ and so he always votes for the Labor Party.', NULL, 3, 1, '2019-06-24 04:48:25', '2019-06-24 04:48:25'),
(250, 'The girl ______ me this gift is my best friend.', NULL, 3, 1, '2019-06-24 04:48:25', '2019-06-24 04:48:25'),
(251, 'We regret ______ you that you have exceeded your overdraft facility.', NULL, 3, 1, '2019-06-24 04:48:25', '2019-06-24 04:48:25'),
(252, 'The snake was about to bite the farmer while he ______ the bridge.', NULL, 3, 1, '2019-06-24 04:48:25', '2019-06-24 04:48:25'),
(253, 'Why don’t you try ______ the key anti-clockwise?', NULL, 3, 1, '2019-06-24 04:48:25', '2019-06-24 04:48:25'),
(254, 'They no ______ play tennis together every afternoon.', NULL, 3, 1, '2019-06-24 04:48:25', '2019-06-24 04:48:25'),
(255, 'The company’s apology ______ regarded as an exercise in damage limitation.', NULL, 3, 1, '2019-06-24 04:48:25', '2019-06-24 04:48:25'),
(256, 'The kettle has been boiling ______ a quarter of an hour.', NULL, 3, 1, '2019-06-24 04:48:25', '2019-06-24 04:48:25'),
(257, 'We don’t allow ______ in the classrooms.', NULL, 3, 1, '2019-06-24 04:48:25', '2019-06-24 04:48:25'),
(258, '______ a pretty little Siamese cat!', NULL, 3, 1, '2019-06-24 04:48:25', '2019-06-24 04:48:25'),
(259, 'I really must ______ on with my work now.', NULL, 3, 1, '2019-06-24 04:48:25', '2019-06-24 04:48:25'),
(260, 'It is impossible for them to enter the country ______', NULL, 3, 1, '2019-06-24 04:48:25', '2019-06-24 04:48:25'),
(261, 'Either Pike or his sister ______. the keys to the car.', NULL, 3, 1, '2019-06-24 04:48:25', '2019-06-24 04:48:25'),
(262, 'I don\'t like pop music. My sister doesn\'t like it ______', NULL, 3, 1, '2019-06-24 04:48:25', '2019-06-24 04:48:25'),
(263, 'My brother is much taller than I ______', NULL, 3, 1, '2019-06-24 04:48:25', '2019-06-24 04:48:25'),
(264, 'Police had to break the meeting ______', NULL, 3, 1, '2019-06-24 04:48:25', '2019-06-24 04:48:25'),
(265, 'The accused denied ______ in the vicinity of the murder scene.', NULL, 3, 1, '2019-06-24 04:48:25', '2019-06-24 04:48:25'),
(266, 'People ______ think that the sun went round the earth.', NULL, 3, 1, '2019-06-24 04:48:25', '2019-06-24 04:48:25'),
(267, 'Why don’t you do what you’re told, instead of ______ such a song and dance about it?', NULL, 3, 1, '2019-06-24 04:48:25', '2019-06-24 04:48:25'),
(268, 'Einstein gradually became ______ in the discussion.', NULL, 3, 1, '2019-06-24 04:48:25', '2019-06-24 04:48:25'),
(269, 'The children ______ to stay up late.', NULL, 3, 1, '2019-06-24 04:48:25', '2019-06-24 04:48:25'),
(270, 'We shall have to stop soon because the car is almost ______ petrol.', NULL, 3, 1, '2019-06-24 04:48:25', '2019-06-24 04:48:25'),
(271, 'I rashly posted the parcel without ______ it.', NULL, 3, 1, '2019-06-24 04:48:25', '2019-06-24 04:48:25'),
(272, '\"My friend was going to call me as soon as he arrived this morning, but he didn\'t call.\" \"He ______ the train.\"', NULL, 3, 1, '2019-06-24 04:48:25', '2019-06-24 04:48:25'),
(273, 'He wasn’t responsible. He wasn’t ______', NULL, 3, 1, '2019-06-24 04:48:25', '2019-06-24 04:48:25'),
(274, 'She went to a seaside resort because she was ______ on water-skiing.', NULL, 3, 1, '2019-06-24 04:48:25', '2019-06-24 04:48:25'),
(275, 'What a dangerous thing to do! You ______ have been killed.', NULL, 3, 1, '2019-06-24 04:48:25', '2019-06-24 04:48:25'),
(276, 'No educational system is perfect. Each one has its ______', NULL, 3, 1, '2019-06-24 04:48:25', '2019-06-24 04:48:25'),
(277, 'For the rest of his life he lived in fear of ______ tracked down.', NULL, 3, 1, '2019-06-24 04:48:25', '2019-06-24 04:48:25'),
(278, 'Can you please ______ me a little about yourself?', NULL, 3, 1, '2019-06-24 04:48:25', '2019-06-24 04:48:25'),
(279, 'All that rubbish will have to be ______ at once.', NULL, 3, 1, '2019-06-24 04:48:25', '2019-06-24 04:48:25'),
(280, 'I see that you did well in your \"A\" levels. Why ______ to university when you left school?', NULL, 3, 1, '2019-06-24 04:48:25', '2019-06-24 04:48:25'),
(281, 'The family gathered together to …______ the holiday meal.', NULL, 3, 1, '2019-06-24 04:48:25', '2019-06-24 04:48:25'),
(282, 'I see you were a junior clerk in Trade Wind and Import Company, ____________ you type?', NULL, 3, 1, '2019-06-24 04:48:25', '2019-06-24 04:48:25'),
(283, 'I had to work hard to ______ the other students.', NULL, 3, 1, '2019-06-24 04:48:25', '2019-06-24 04:48:25'),
(284, 'Oh, my speed is 50 words ______ minute.', NULL, 3, 1, '2019-06-24 04:48:25', '2019-06-24 04:48:25'),
(285, 'By the time I applied, all the holiday vouchers ______ used up.', NULL, 3, 1, '2019-06-24 04:48:25', '2019-06-24 04:48:25'),
(286, 'Can you work on Saturday ______ we need you?', NULL, 3, 1, '2019-06-24 04:48:25', '2019-06-24 04:48:25'),
(287, '______ bread is regarded by some as a therapeutic activity.', NULL, 3, 1, '2019-06-24 04:48:25', '2019-06-24 04:48:25'),
(288, 'She has ______ money that she can buy everything she wants.', NULL, 3, 1, '2019-06-24 04:48:25', '2019-06-24 04:48:25'),
(289, 'It’s time they ______ promotion, in my view.', NULL, 3, 1, '2019-06-24 04:48:25', '2019-06-24 04:48:25'),
(290, 'Galileo was ______ for his study of how things fall.', NULL, 3, 1, '2019-06-24 04:48:25', '2019-06-24 04:48:25'),
(291, 'The candidate ______ to have withdrawn her application.', NULL, 3, 1, '2019-06-24 04:48:25', '2019-06-24 04:48:25'),
(292, 'People used to think that heavy things always ______ faster than light things.', NULL, 3, 1, '2019-06-24 04:48:25', '2019-06-24 04:48:25'),
(293, 'There’s nothing I like more than ______ for a brisk walk along the sea-shore.', NULL, 3, 1, '2019-06-24 04:48:25', '2019-06-24 04:48:25'),
(294, 'He ______ a wallet on a lonely street in Montreal last Monday.', NULL, 3, 1, '2019-06-24 04:48:25', '2019-06-24 04:48:25'),
(295, 'How can you waste all that money on ______?', NULL, 3, 1, '2019-06-24 04:48:25', '2019-06-24 04:48:25'),
(296, 'The idea for a computer was worked out over two centuries ago by a man ______ Charles Babbage.', NULL, 3, 1, '2019-06-24 04:48:25', '2019-06-24 04:48:25'),
(297, 'The flat ______ of three rooms, with a kitchen and a bathroom.', NULL, 3, 1, '2019-06-24 04:48:25', '2019-06-24 04:48:25'),
(298, 'Over the years, people have argued ______ his machines would ever work.', NULL, 3, 1, '2019-06-24 04:48:25', '2019-06-24 04:48:25'),
(299, 'It was the largest experiment we have ever performed. It ______ six hours.', NULL, 3, 1, '2019-06-24 04:48:25', '2019-06-24 04:48:25'),
(300, '______ being no exercises to do, these children are allowed to go home.', NULL, 3, 1, '2019-06-24 04:48:25', '2019-06-24 04:48:25');

-- --------------------------------------------------------

--
-- Table structure for table `users`
--

CREATE TABLE `users` (
  `id` int(10) UNSIGNED NOT NULL,
  `username` varchar(50) COLLATE utf8_unicode_ci NOT NULL,
  `password` varchar(255) COLLATE utf8_unicode_ci NOT NULL,
  `name` varchar(50) COLLATE utf8_unicode_ci NOT NULL,
  `id_permission` int(10) UNSIGNED NOT NULL,
  `created_at` timestamp NULL DEFAULT CURRENT_TIMESTAMP,
  `updated_at` timestamp NULL DEFAULT CURRENT_TIMESTAMP
) ENGINE=InnoDB DEFAULT CHARSET=utf8 COLLATE=utf8_unicode_ci;

--
-- Dumping data for table `users`
--

INSERT INTO `users` (`id`, `username`, `password`, `name`, `id_permission`, `created_at`, `updated_at`) VALUES
(1, 'long', '$2y$10$aZd09ABVMJU/a8BYQa98ueKHXN2IfpwJTI1B9yTqR8TvAXEjU3N9K', 'Nguyễn Hoàng Thanh Long', 1, '2019-03-15 02:52:39', '2019-03-21 05:47:54');

--
-- Indexes for dumped tables
--

--
-- Indexes for table `answers`
--
ALTER TABLE `answers`
  ADD PRIMARY KEY (`id`),
  ADD KEY `answers_id_question_foreign` (`id_question`);

--
-- Indexes for table `categories`
--
ALTER TABLE `categories`
  ADD PRIMARY KEY (`id`),
  ADD UNIQUE KEY `categories_name_unique` (`name`);

--
-- Indexes for table `permissions`
--
ALTER TABLE `permissions`
  ADD PRIMARY KEY (`id`),
  ADD UNIQUE KEY `permissions_type_unique` (`type`);

--
-- Indexes for table `questions`
--
ALTER TABLE `questions`
  ADD PRIMARY KEY (`id`),
  ADD UNIQUE KEY `questions_content_unique` (`content`),
  ADD KEY `questions_id_category_foreign` (`id_category`),
  ADD KEY `questions_id_user_foreign` (`id_user`);

--
-- Indexes for table `users`
--
ALTER TABLE `users`
  ADD PRIMARY KEY (`id`),
  ADD UNIQUE KEY `users_username_unique` (`username`),
  ADD KEY `users_id_permission_foreign` (`id_permission`);

--
-- AUTO_INCREMENT for dumped tables
--

--
-- AUTO_INCREMENT for table `answers`
--
ALTER TABLE `answers`
  MODIFY `id` int(10) UNSIGNED NOT NULL AUTO_INCREMENT, AUTO_INCREMENT=1201;

--
-- AUTO_INCREMENT for table `categories`
--
ALTER TABLE `categories`
  MODIFY `id` int(10) UNSIGNED NOT NULL AUTO_INCREMENT, AUTO_INCREMENT=4;

--
-- AUTO_INCREMENT for table `questions`
--
ALTER TABLE `questions`
  MODIFY `id` int(10) UNSIGNED NOT NULL AUTO_INCREMENT, AUTO_INCREMENT=301;

--
-- AUTO_INCREMENT for table `users`
--
ALTER TABLE `users`
  MODIFY `id` int(10) UNSIGNED NOT NULL AUTO_INCREMENT, AUTO_INCREMENT=7;

--
-- Constraints for dumped tables
--

--
-- Constraints for table `answers`
--
ALTER TABLE `answers`
  ADD CONSTRAINT `answers_id_question_foreign` FOREIGN KEY (`id_question`) REFERENCES `questions` (`id`) ON DELETE CASCADE ON UPDATE CASCADE;

--
-- Constraints for table `questions`
--
ALTER TABLE `questions`
  ADD CONSTRAINT `questions_id_category_foreign` FOREIGN KEY (`id_category`) REFERENCES `categories` (`id`) ON DELETE CASCADE ON UPDATE CASCADE,
  ADD CONSTRAINT `questions_id_user_foreign` FOREIGN KEY (`id_user`) REFERENCES `users` (`id`) ON DELETE CASCADE ON UPDATE CASCADE;

--
-- Constraints for table `users`
--
ALTER TABLE `users`
  ADD CONSTRAINT `users_id_permission_foreign` FOREIGN KEY (`id_permission`) REFERENCES `permissions` (`id`) ON DELETE CASCADE ON UPDATE CASCADE;
COMMIT;

/*!40101 SET CHARACTER_SET_CLIENT=@OLD_CHARACTER_SET_CLIENT */;
/*!40101 SET CHARACTER_SET_RESULTS=@OLD_CHARACTER_SET_RESULTS */;
/*!40101 SET COLLATION_CONNECTION=@OLD_COLLATION_CONNECTION */;
